"","(Intercept)","diagnosisAD","age","sexMale","apoe4_allele_count"
"ADNIGO",1,0,74.82,0,1
"ADNI2",1,0,69.1,0,0
"ADNI2.1",1,1,79.3,1,1
"ADNIGO.1",1,0,76.11,0,0
"ADNI2.5",1,0,84.1,1,0
"ADNI2.11",1,0,74,1,0
"ADNI2.12",1,0,70.2,0,0
"ADNI2.14",1,0,77,0,1
"ADNI2.20",1,1,77.7,0,0
"ADNIGO.8",1,1,77.88,0,1
"ADNIGO.11",1,1,77.04,1,0
"ADNI2.23",1,1,86.5,1,0
"ADNIGO.15",1,0,85.62,1,1
"ADNI2.25",1,0,75.9,0,0
"ADNIGO.16",1,0,81.37,0,0
"ADNI2.28",1,0,71.3,1,0
"ADNI2.29",1,0,78.4,0,0
"ADNI2.30",1,1,82.1,0,1
"ADNIGO.18",1,0,75.09,0,0
"ADNI2.36",1,0,77,1,0
"ADNI2.37",1,0,77.6,0,1
"ADNI2.38",1,0,69.7,0,2
"ADNIGO.22",1,0,79.51,0,0
"ADNIGO.24",1,0,63.7,0,0
"ADNI2.42",1,0,70.8,0,0
"ADNIGO.25",1,1,74.57,1,0
"ADNI2.43",1,0,68.4,0,0
"ADNI2.48",1,0,74.6,0,1
"ADNIGO.26",1,0,75.61,1,0
"ADNIGO.27",1,0,77.51,1,0
"ADNI2.52",1,1,79.4,1,2
"ADNI2.53",1,0,65.8,0,1
"ADNI2.54",1,0,74.2,0,1
"ADNI2.55",1,0,75.4,1,1
"ADNI2.59",1,0,72.8,1,0
"ADNI2.60",1,0,73.7,0,1
"ADNI2.63",1,0,69.7,1,0
"ADNIGO.30",1,1,78.16,1,1
"ADNIGO.35",1,0,87.11,1,0
"ADNI2.64",1,1,77.2,0,1
"ADNIGO.38",1,1,77.69,1,1
"ADNIGO.39",1,1,76.42,1,2
"ADNI2.67",1,0,56.2,0,1
"ADNI2.68",1,1,66.7,1,1
"ADNI2.70",1,0,67,0,0
"ADNI2.71",1,0,73.9,1,0
"ADNI2.74",1,0,81.7,0,0
"ADNIGO.47",1,1,72.11,1,1
"ADNI2.76",1,0,77.1,1,0
"ADNIGO.49",1,0,77.06,0,0
"ADNI2.79",1,0,72.4,1,1
"ADNI2.80",1,0,78,0,0
"ADNIGO.50",1,1,80.69,0,0
"ADNI2.82",1,0,84.7,1,2
"ADNI2.83",1,0,78.6,0,0
"ADNI2.86",1,1,73.7,1,1
"ADNI2.87",1,0,73.5,1,1
"ADNI2.90",1,0,80.4,0,0
"ADNIGO.54",1,1,80.14,1,0
"ADNIGO.55",1,0,81.38,1,0
"ADNI2.91",1,1,83.2,1,2
"ADNI2.93",1,0,83.8,1,0
"ADNI2.94",1,0,68.4,0,1
"ADNIGO.59",1,1,82.52,0,1
"ADNI2.96",1,0,66.7,0,0
"ADNI2.98",1,1,79,1,1
"ADNI2.99",1,0,65.9,1,0
"ADNI2.102",1,1,71.5,0,1
"ADNI2.104",1,0,73.5,1,0
"ADNI2.105",1,1,65.9,0,1
"ADNIGO.63",1,1,77.69,0,1
"ADNI2.108",1,0,78.4,0,1
"ADNIGO.64",1,0,84.32,1,1
"ADNI2.109",1,1,79.7,1,1
"ADNI2.113",1,0,67.7,1,1
"ADNIGO.66",1,0,77.28,0,0
"ADNI2.121",1,0,85.6,1,0
"ADNI2.122",1,0,71.4,1,0
"ADNIGO.70",1,0,81.88,1,1
"ADNI2.123",1,0,76.5,0,0
"ADNIGO.71",1,0,81.52,0,1
"ADNI2.129",1,0,71.5,1,0
"ADNI2.131",1,0,76.3,0,0
"ADNIGO.73",1,0,85.72,0,0
"ADNI2.133",1,0,84.9,1,0
"ADNI2.135",1,0,79.3,1,0
"ADNIGO.75",1,1,89.02,1,1
"ADNI2.136",1,1,63.8,1,2
"ADNI2.140",1,0,66.5,1,0
"ADNI2.141",1,0,66.1,0,2
"ADNI2.144",1,0,78.9,1,0
"ADNI2.145",1,0,73.9,0,1
"ADNIGO.77",1,1,75.87,0,2
"ADNIGO.78",1,1,80.4,0,0
"ADNI2.148",1,0,76.1,1,0
"ADNIGO.79",1,1,67.92,1,1
"ADNIGO.80",1,0,74.75,0,0
"ADNI2.149",1,0,70.2,0,0
"ADNI2.150",1,0,66.1,1,1
"ADNI2.152",1,1,66.8,1,2
"ADNI2.155",1,0,70.7,0,0
"ADNIGO.86",1,0,88.85,1,0
"ADNIGO.88",1,0,79.47,0,0
"ADNI2.156",1,0,69.9,1,1
"ADNI2.159",1,0,84,1,1
"ADNIGO.90",1,0,80.84,1,1
"ADNI2.164",1,0,85.9,0,0
"ADNIGO.91",1,0,75.58,1,0
"ADNI2.165",1,0,73.4,1,1
"ADNI2.166",1,0,71.1,1,1
"ADNIGO.94",1,0,83.04,0,0
"ADNI2.171",1,0,82.3,0,1
"ADNIGO.97",1,1,88.6,0,0
"ADNIGO.98",1,0,78.3,1,0
"ADNI2.173",1,0,66.8,1,2
"ADNIGO.99",1,0,82.8,0,0
"ADNI2.175",1,0,67.4,0,0
"ADNI2.177",1,0,69.8,0,0
"ADNI2.178",1,0,70.5,0,0
"ADNIGO.102",1,0,82.83,1,0
"ADNI2.180",1,0,70,0,0
"ADNIGO.104",1,0,74.88,0,1
"ADNI2.186",1,0,72,1,0
"ADNI2.189",1,0,62.3,1,0
"ADNI2.191",1,1,68,1,1
"ADNI2.193",1,0,81.5,0,0
"ADNIGO.108",1,0,83.32,1,0
"ADNI2.195",1,0,63.2,1,1
"ADNI2.196",1,0,76.8,0,1
"ADNIGO.110",1,0,78.32,1,0
"ADNI2.197",1,0,70.9,1,0
"ADNI2.198",1,0,72.3,0,1
"ADNI2.200",1,0,70.8,0,0
"ADNIGO.115",1,0,83.63,0,0
"ADNIGO.117",1,1,77.68,0,1
"ADNIGO.119",1,1,87.34,1,2
"ADNIGO.121",1,1,83.2,1,1
"ADNIGO.124",1,0,80.22,0,0
"ADNI2.208",1,0,71.4,1,0
"ADNI2.209",1,0,73.5,1,0
"ADNIGO.128",1,1,74.68,1,2
"ADNIGO.129",1,1,89.58,1,1
"ADNIGO.130",1,0,89.52,0,0
"ADNI2.214",1,0,66.9,0,0
"ADNIGO.133",1,0,75.43,0,0
"ADNIGO.135",1,0,75.87,0,0
"ADNIGO.136",1,1,75.12,1,2
"ADNI2.220",1,1,90.3,0,0
"ADNI2.226",1,0,76.1,0,1
"ADNI2.228",1,0,66.5,1,0
"ADNI2.229",1,0,65,1,1
"ADNIGO.138",1,1,80.99,0,0
"ADNIGO.139",1,1,84.77,1,0
"ADNI2.231",1,0,70,0,0
"ADNIGO.140",1,1,70.23,1,2
"ADNI2.235",1,1,71.7,1,1
"ADNI2.241",1,0,70.1,1,1
"ADNI2.243",1,0,72.9,1,0
"ADNIGO.145",1,0,78.92,0,1
"ADNI2.245",1,0,70.4,1,1
"ADNI2.246",1,0,71.4,0,0
"ADNIGO.149",1,1,80.42,1,0
"ADNI2.248",1,0,89,1,0
"ADNI2.249",1,0,72.7,0,1
"ADNI2.257",1,0,74.4,1,0
"ADNI2.258",1,0,75.1,1,0
"ADNIGO.153",1,0,88.48,0,0
"ADNI2.260",1,0,71.7,0,0
"ADNI2.263",1,0,77.2,0,0
"ADNIGO.156",1,1,69.09,0,2
"ADNI2.266",1,1,86.5,0,1
"ADNIGO.158",1,0,82.29,0,0
"ADNI2.268",1,1,60.7,1,0
"ADNIGO.163",1,0,80.62,0,1
"ADNI2.270",1,1,80.9,0,0
"ADNIGO.164",1,0,74.47,1,1
"ADNI2.275",1,1,71.1,1,2
"ADNIGO.166",1,1,85.42,1,0
"ADNI2.277",1,0,71.4,0,0
"ADNIGO.168",1,0,79.34,1,0
"ADNI2.279",1,0,84.7,0,0
"ADNI2.285",1,0,68.4,0,0
"ADNI2.287",1,0,77,1,0
"ADNI2.290",1,1,70.7,0,1
"ADNI2.291",1,0,77.1,0,0
"ADNI2.292",1,0,70.3,0,0
"ADNI2.295",1,1,55.6,0,1
"ADNIGO.179",1,1,72.58,0,0
"ADNIGO.180",1,0,89.95,1,0
"ADNIGO.181",1,1,69.43,1,1
"ADNIGO.183",1,1,77.27,1,0
"ADNI2.297",1,0,81.8,1,0
"ADNI2.298",1,1,88.5,0,0
"ADNI2.299",1,1,71.1,0,1
"ADNIGO.186",1,1,86.85,0,0
"ADNI2.301",1,0,75.5,0,0
"ADNI2.302",1,0,78.2,1,0
"ADNIGO.188",1,0,76.05,1,0
"ADNI2.303",1,0,66.2,0,1
"ADNI2.304",1,0,71.7,0,0
"ADNI2.307",1,0,72.6,1,0
"ADNI2.308",1,0,70.8,0,0
"ADNIGO.194",1,0,89.72,1,0
"ADNIGO.195",1,0,77.71,1,1
"ADNI2.309",1,0,77.9,0,0
"ADNI2.314",1,1,88,1,0
"ADNIGO.197",1,1,71.47,1,0
"ADNI2.321",1,1,78.5,1,1
"ADNIGO.199",1,0,76.24,0,0
"ADNIGO.200",1,1,76.38,1,1
"ADNIGO.201",1,0,93.59,0,0
"ADNI2.328",1,0,65.1,0,0
"ADNIGO.202",1,0,85.4,1,0
"ADNI2.329",1,0,72.5,0,0
"ADNI2.330",1,0,65.6,0,0
"ADNIGO.204",1,0,77.02,1,1
"ADNI2.333",1,0,68.7,0,0
"ADNIGO.205",1,1,84.42,0,0
"ADNIGO.208",1,0,77.55,0,0
"ADNIGO.209",1,1,65.26,0,2
"ADNIGO.210",1,0,76.76,1,0
"ADNI2.341",1,1,75.1,0,2
"ADNI2.343",1,1,81.6,1,1
"ADNIGO.212",1,0,74.57,0,0
"ADNI2.348",1,0,70,0,1
"ADNIGO.214",1,1,74.81,1,1
"ADNI2.353",1,0,69.5,0,0
"ADNI2.354",1,0,80.7,1,0
"ADNIGO.218",1,0,77.9,1,0
"ADNIGO.219",1,0,75.07,1,0
"ADNIGO.223",1,0,80.18,1,0
"ADNI2.361",1,0,65.1,0,0
"ADNI2.363",1,0,63.8,0,0
"ADNIGO.225",1,0,78.38,1,0
"ADNIGO.226",1,1,69.07,0,1
"ADNIGO.227",1,1,82.95,1,2
"ADNIGO.228",1,1,87.2,1,0
"ADNIGO.229",1,0,81.74,0,0
"ADNI2.368",1,0,83.6,1,0
"ADNIGO.230",1,1,69.31,0,1
"ADNIGO.231",1,0,69.76,1,0
"ADNI2.369",1,0,78.4,1,0
"ADNIGO.232",1,0,75.93,0,1
"ADNIGO.235",1,1,81.34,1,1
"ADNIGO.236",1,0,84.01,0,1
"ADNI2.371",1,0,75.1,0,0
"ADNIGO.238",1,1,75.12,0,1
"ADNIGO.239",1,1,85.83,0,1
"ADNI2.372",1,0,68.2,0,1
"ADNI2.374",1,0,67.8,1,0
"ADNI2.375",1,0,78.5,0,0
"ADNIGO.246",1,0,81.9,0,2
"ADNI2.377",1,0,84.4,1,0
"ADNIGO.249",1,0,74.13,1,0
"ADNI2.381",1,0,73,1,0
"ADNI2.383",1,0,77.9,0,1
"ADNI2.386",1,1,75.8,1,0
"ADNI2.388",1,0,79.8,1,0
"ADNIGO.253",1,0,76.82,1,0
"ADNI2.390",1,1,71,1,1
"ADNIGO.255",1,0,83.24,1,0
"ADNIGO.256",1,0,75.04,0,0
"ADNI2.395",1,1,80.5,1,0
"ADNIGO.259",1,1,77.12,1,1
"ADNIGO.260",1,0,66.35,0,0
"ADNI2.397",1,1,78.8,1,1
"ADNIGO.262",1,0,77.72,0,0
"ADNIGO.264",1,1,73.01,1,1
"ADNI2.402",1,1,90.3,1,0
"ADNIGO.267",1,0,78.79,1,1
"ADNIGO.268",1,0,82.15,0,0
"ADNI2.403",1,0,82.1,1,0
"ADNIGO.271",1,1,76.06,1,0
"ADNI2.409",1,0,73.7,0,0
"ADNIGO.272",1,0,92.76,0,0
"ADNI2.410",1,1,55.9,0,1
"ADNI2.413",1,1,75.8,1,1
"ADNIGO.273",1,0,79,0,0
"ADNIGO.277",1,1,76.49,1,0
"ADNI2.420",1,1,64,0,2
"ADNIGO.280",1,0,83.18,1,0
"ADNI2.422",1,1,55.9,1,1
"ADNI2.424",1,0,83.7,1,0
"ADNI2.425",1,0,80.3,1,0
"ADNI2.427",1,0,75.6,1,0
"ADNI2.428",1,0,63.5,0,0
"ADNI2.429",1,0,72.4,1,0
"ADNI2.430",1,0,69.2,0,0
"ADNIGO.282",1,0,64.04,1,0
"ADNI2.431",1,0,65.1,0,1
"ADNIGO.283",1,0,84.82,1,0
"ADNI2.433",1,0,68.3,1,0
"ADNI2.436",1,0,81.8,0,0
"ADNIGO.286",1,1,80.79,1,0
"ADNIGO.287",1,0,80.55,1,1
"ADNIGO.289",1,0,88.93,1,0
"ADNI2.438",1,0,67.5,0,1
"ADNI2.440",1,1,73,0,1
"ADNI2.441",1,0,72.6,1,0
"ADNI2.442",1,0,84.3,1,2
"ADNIGO.293",1,1,72.76,1,0
"ADNI2.447",1,0,80.7,1,0
