"Gene symbol","Probe ID / feature ID","LocusLink","limma logFC AD vs CN","Average expression","Moderated t statistic","Raw P value","FDR-adjusted P value","B statistic","Rank by raw P value","Selected for 464-gene panel","Direction in AD"
"SLC2A14 || SLC2A3","11747751_s_at","",0.250569598483441,4.65707947019868,4.30561576173448,2.25796136118254e-05,0.310296698028294,2.36847867243681,1,TRUE,"Higher in AD"
"MAPK14","11742204_a_at","LOC1432",0.194035139543118,8.77088741721854,4.26895958200686,2.63757216100178e-05,0.310296698028294,2.23489556475232,2,TRUE,"Higher in AD"
"NAB2","11744292_at","LOC4665",-0.144177605398864,4.13349668874172,-4.24767584238358,2.88521730175864e-05,0.310296698028294,2.15779103035766,3,TRUE,"Lower in AD"
"EIF3H","11760274_at","",0.239454868581359,3.89272847682119,4.24557253117395,2.91086193641601e-05,0.310296698028294,2.15018967710719,4,TRUE,"Higher in AD"
"ANXA3","11756334_x_at","LOC306",0.422467140872147,8.09656622516556,4.22741046463234,3.14154515478369e-05,0.310296698028294,2.08468923018888,5,TRUE,"Higher in AD"
"SNX11","11751113_a_at","LOC29916",0.146144969517026,5.06749006622517,4.07651533579414,5.86039434899556e-05,0.345271592270675,1.55005012790387,6,TRUE,"Higher in AD"
"CD177","11730765_at","LOC57126",0.576577919345298,3.56375496688742,4.06873263021161,6.0489387465316e-05,0.345271592270675,1.5229401644436,7,TRUE,"Higher in AD"
"GM2A","11719922_a_at","LOC2760",0.225910525866744,4.28660264900662,4.05031917312882,6.51827453231769e-05,0.345271592270675,1.45898209036158,8,TRUE,"Higher in AD"
"SLC22A1","11731577_a_at","LOC6580",0.388644875362619,6.53481456953642,4.0441927740538,6.6819649347178e-05,0.345271592270675,1.43775937227689,9,TRUE,"Higher in AD"
"BCL6","11750749_a_at","LOC604",0.305649405380428,7.19795695364238,3.97338450564979,8.88078164372453e-05,0.345271592270675,1.19453969867753,10,TRUE,"Higher in AD"
"PYGL","11719302_a_at","LOC5836",0.185077506386802,10.3437913907285,3.96438664172683,9.2050339824303e-05,0.345271592270675,1.16390647045039,11,TRUE,"Higher in AD"
"ANXA3","11724283_a_at","LOC306",0.377456414852731,8.27260264900662,3.94665069152807,9.87736770679063e-05,0.345271592270675,1.10370558369589,12,TRUE,"Higher in AD"
"QPCT","11719828_x_at","LOC25797",0.252908797199744,9.00254635761589,3.92994034932874,0.000105532412606119,0.345271592270675,1.04720610083711,13,TRUE,"Higher in AD"
"","11762865_a_at","",0.32052238015587,8.34857947019868,3.92246125546691,0.000108697482814099,0.345271592270675,1.02198776362647,14,TRUE,"Higher in AD"
"HECW2","11730579_a_at","LOC57520",0.326775306716423,4.43147350993377,3.92052277321315,0.000109532396836535,0.345271592270675,1.01545850137184,15,TRUE,"Higher in AD"
"TNFAIP8L1","11759187_at","LOC126282",-0.140773931090535,7.09251655629139,-3.91519040168822,0.000111860557168647,0.345271592270675,0.99751269211623,16,TRUE,"Lower in AD"
"DNAJC3","11717373_at","LOC5611",0.243343692566701,4.64951655629139,3.88152286716152,0.00012767893340179,0.370914812057695,0.884710497063478,17,TRUE,"Higher in AD"
"CC2D2A","11732751_a_at","LOC57545",0.140728693370398,2.85514900662252,3.85749903014165,0.000140237535099974,0.384765050469294,0.804752293618646,18,TRUE,"Higher in AD"
"HAL","11751231_a_at","LOC3034",0.296058813668614,6.35745033112583,3.83036973859404,0.000155823149949521,0.403607991981009,0.714993249493872,19,TRUE,"Higher in AD"
"TENM1","11737984_at","LOC10178",0.331552861017323,3.57201655629139,3.79331644891896,0.000179772161804563,0.403607991981009,0.593319103125589,20,TRUE,"Higher in AD"
"","11762503_at","",-0.0841731214372889,2.33549668874172,-3.76878609860818,0.00019749739407326,0.403607991981009,0.513352570168297,21,TRUE,"Lower in AD"
"IGF2BP1","11727103_at","LOC10642",-0.0799300660734536,2.20433443708609,-3.74689224975871,0.000214699589668367,0.403607991981009,0.442375464914405,22,TRUE,"Lower in AD"
"ABHD12B","11738864_a_at","LOC145447",0.155922058299965,2.77209271523179,3.73919561701832,0.000221075855421048,0.403607991981009,0.417512519920777,23,TRUE,"Higher in AD"
"ZNF703","11759097_a_at","",-0.225721262779429,7.92143377483444,-3.73068094749539,0.000228337822711249,0.403607991981009,0.39006075349344,24,TRUE,"Lower in AD"
"KREMEN1","11723730_at","LOC83999",0.385355268018929,5.9654238410596,3.72852566311415,0.000230211383267864,0.403607991981009,0.383120954442396,25,TRUE,"Higher in AD"
"LIMK2","11734740_a_at","LOC3985",0.178782847227036,5.98095033112583,3.72594840397318,0.00023247079690465,0.403607991981009,0.374827191521832,26,TRUE,"Higher in AD"
"CBS","11744286_s_at","LOC875",0.675008604138091,6.0422582781457,3.72072228176081,0.000237116753124681,0.403607991981009,0.358025134648504,27,TRUE,"Higher in AD"
"SLC26A8","11729677_a_at","LOC116369",0.411374116930706,5.55382119205298,3.71154893749294,0.000245484153832672,0.403607991981009,0.328584208770248,28,TRUE,"Higher in AD"
"RABL5","11748344_x_at","LOC64792",-0.130030575497959,2.95867549668874,-3.7105072312801,0.00024645174510716,0.403607991981009,0.325245108411761,29,TRUE,"Lower in AD"
"PELO","11719917_at","LOC53918",0.163849842588358,6.7148642384106,3.70508216546035,0.000251549216849673,0.403607991981009,0.307869214102877,30,TRUE,"Higher in AD"
"MXD3","11746877_a_at","LOC83463",0.122294330441039,3.77601324503311,3.70208648291595,0.000254406427558671,0.403607991981009,0.298284216575345,31,TRUE,"Higher in AD"
"NR4A1","11717994_a_at","LOC3164",-0.373851016980918,5.34266887417219,-3.69476312393599,0.000261520587684613,0.403607991981009,0.274881880329554,32,TRUE,"Lower in AD"
"ADCK2","11745039_a_at","LOC90956",-0.128169330235253,2.61394039735099,-3.67943038233993,0.0002770268339107,0.414583249076176,0.226020721424112,33,TRUE,"Lower in AD"
"NANOS1","11734135_at","LOC340719",0.0762947895565836,2.11156953642384,3.66221614682465,0.000295466306707548,0.421974828257304,0.171382951428247,34,TRUE,"Higher in AD"
"CD46","11742220_x_at","LOC4179",0.18971368139236,6.12344370860927,3.65898409479766,0.000299054772385,0.421974828257304,0.161150335715481,35,TRUE,"Higher in AD"
"MCTP2","11747018_x_at","LOC55784",0.228347812503445,7.40672185430464,3.63015368999384,0.000332929742612745,0.431496676765633,0.0702362661648435,36,TRUE,"Higher in AD"
"NR4A1","11717995_x_at","LOC3164",-0.232258732030244,5.40113907284768,-3.62175552927897,0.000343456563689027,0.431496676765633,0.0438761501663478,37,TRUE,"Lower in AD"
"CREB5","11739552_a_at","LOC9586",0.270831122402357,7.62758609271523,3.61237292595714,0.00035558714701506,0.431496676765633,0.0144916348429236,38,TRUE,"Higher in AD"
"ZNF326","11746312_x_at","LOC284695",-0.205923078626975,5.78248675496689,-3.61201609492078,0.000356056341667419,0.431496676765633,0.01337547491657,39,TRUE,"Lower in AD"
"KREMEN1","11723729_at","LOC83999",0.43589264839091,6.86129470198675,3.6041361892739,0.000366567069478442,0.431496676765633,-0.0112471709327542,40,TRUE,"Higher in AD"
"QPCT","11719827_a_at","LOC25797",0.229729447345621,9.16275165562914,3.59814532560078,0.000374752414014207,0.431496676765633,-0.0299343530530622,41,TRUE,"Higher in AD"
"TMBIM6","11718407_a_at","LOC7009",0.0681843010823778,10.7758178807947,3.59500285941094,0.000379114335662002,0.431496676765633,-0.0397252857195642,42,TRUE,"Higher in AD"
"HAL","11735177_at","LOC3034",0.222032210957754,8.84438410596026,3.59459624629495,0.00037968220987552,0.431496676765633,-0.0409915955379967,43,TRUE,"Higher in AD"
"CREB5","11750879_a_at","LOC9586",0.255475590429612,8.05608278145695,3.59121324248397,0.000384437973872916,0.431496676765633,-0.0515221897410205,44,TRUE,"Higher in AD"
"FCGR3A","11731422_s_at","LOC2214",-0.181239542441733,9.76051986754967,-3.58274950219667,0.000396582382202474,0.435235945054475,-0.0778285648715746,45,TRUE,"Lower in AD"
"INTS6","11751762_s_at","LOC26512",0.146627352174632,3.71945364238411,3.57520299578022,0.000407713587058805,0.437724852401873,-0.101236433387941,46,TRUE,"Higher in AD"
"FAM228A","11735102_at","LOC653140",0.0804906864004857,2.03637748344371,3.56866171725627,0.000417598702014701,0.438798499951021,-0.12148992298849,47,TRUE,"Higher in AD"
"LOC254896","11760084_x_at","LOC254896",0.230675825640218,5.61773841059603,3.56249606223634,0.000427121728472057,0.439454868381687,-0.14054946639788,48,TRUE,"Higher in AD"
"CDKN1C","11729118_a_at","LOC1028",-0.212425777681204,5.49279139072848,-3.55205356782941,0.000443716756440766,0.447212157828238,-0.172761279555132,49,TRUE,"Lower in AD"
"LRRC6","11743089_a_at","LOC23639",0.431134222795606,6.19310264900662,3.5431944008185,0.000458267879838992,0.452640350274569,-0.200021457888857,50,TRUE,"Higher in AD"
"BCL6","11739841_a_at","LOC604",0.27193496811802,6.40104304635762,3.53678366180032,0.00046907526150051,0.452674834052308,-0.219708972704605,51,TRUE,"Higher in AD"
"CBS","11744835_s_at","LOC875",0.606572981196186,6.16579139072848,3.53056864442341,0.000479780439162667,0.452674834052308,-0.238764378064205,52,TRUE,"Higher in AD"
"CREB5","11722970_a_at","LOC9586",0.228780875751664,9.49361258278146,3.5207356527577,0.000497186376189436,0.452674834052308,-0.26885012168701,53,TRUE,"Higher in AD"
"ODC1","11752515_a_at","LOC4953",-0.235098762914644,8.44002317880795,-3.50786399997171,0.000520866325022504,0.452674834052308,-0.308117404029779,54,TRUE,"Lower in AD"
"SRPK1","11718852_a_at","LOC6732",0.194180210623359,9.08964238410596,3.50739223530985,0.000521753980049624,0.452674834052308,-0.309554111430431,55,TRUE,"Higher in AD"
"GCM1","11732725_at","LOC8521",0.299701038420017,4.88026158940397,3.50617002778266,0.000524060235564221,0.452674834052308,-0.313275389087705,56,TRUE,"Higher in AD"
"BCL6","11759322_at","LOC604",0.286047327315657,7.47554635761589,3.49421291798168,0.000547131958629722,0.452674834052308,-0.349618910960921,57,TRUE,"Higher in AD"
"INTS6","11746393_x_at","LOC26512",0.136018793197824,4.87828476821192,3.49389972816742,0.000547748861987037,0.452674834052308,-0.350569323539603,58,TRUE,"Higher in AD"
"WLS","11733513_a_at","LOC79971",0.33254333074624,8.12099337748344,3.47835382702028,0.000579201675439894,0.452674834052308,-0.397647352052229,59,TRUE,"Higher in AD"
"STX3","11747878_a_at","LOC6809",0.234561645203453,5.36835099337748,3.47661230876923,0.000582828539688774,0.452674834052308,-0.402909273739941,60,TRUE,"Higher in AD"
"DBP","11731661_s_at","LOC1628",-0.13746070133857,4.38956291390728,-3.47083051911916,0.000595022580220393,0.452674834052308,-0.420361409446931,61,TRUE,"Lower in AD"
"MAPK14","11742487_a_at","LOC1432",0.212274279082925,6.64167880794702,3.46276852246335,0.000612424483118364,0.452674834052308,-0.44465189103589,62,TRUE,"Higher in AD"
"CKB","11753004_a_at","LOC1152",-0.234446929271754,4.5306059602649,-3.45905633961469,0.000620596286433631,0.452674834052308,-0.4558191648994,63,TRUE,"Lower in AD"
"SEPHS2","11743803_s_at","LOC22928",0.103444574801532,7.60044701986755,3.45287379918032,0.000634432899460154,0.452674834052308,-0.474393610278891,64,TRUE,"Higher in AD"
"NFIL3","11743010_at","LOC4783",0.199214084915851,7.79095033112583,3.45041390359332,0.000640017963393976,0.452674834052308,-0.481775505604377,65,TRUE,"Higher in AD"
"CDKN1C","11763717_a_at","LOC1028",-0.269989924975722,8.26780463576159,-3.44997227366042,0.000641025514615203,0.452674834052308,-0.48310028162427,66,TRUE,"Lower in AD"
"TLR2","11736274_at","LOC7097",0.243522929933676,7.27655960264901,3.44547082810549,0.000651380203126413,0.452674834052308,-0.496594595996311,67,TRUE,"Higher in AD"
"C9ORF116","11724109_a_at","LOC138162",-0.0841574096407146,2.31264900662252,-3.44530016037397,0.000651775849706961,0.452674834052308,-0.497105901568863,68,TRUE,"Lower in AD"
"ACSL1","11750700_a_at","LOC2180",0.278322081836368,7.39241721854305,3.44486817836387,0.000652778286119536,0.452674834052308,-0.498399978110485,69,TRUE,"Higher in AD"
"MBOAT1","11753189_a_at","LOC154141",0.0963633685130867,2.1704238410596,3.44352341067834,0.000655908121042623,0.452674834052308,-0.502427509459691,70,TRUE,"Higher in AD"
"SEL1L","11717203_at","LOC6400",0.165872208121694,6.65812913907285,3.42877686149764,0.000691162005670408,0.452674834052308,-0.546498318001717,71,TRUE,"Higher in AD"
"ITGB8","11751989_a_at","LOC3696",-0.0783041794978857,2.2081059602649,-3.42106852874537,0.000710286838272909,0.452674834052308,-0.569466028027203,72,TRUE,"Lower in AD"
"","11764032_at","",-0.259124604618346,8.24991059602649,-3.41922695455988,0.000714928459772088,0.452674834052308,-0.574946154987248,73,TRUE,"Lower in AD"
"LPCAT3","11757009_x_at","LOC10162",0.123396807457449,4.81786092715232,3.41063278486575,0.000736966667237683,0.452674834052308,-0.600484740282,74,TRUE,"Higher in AD"
"FBXO38","11757866_s_at","LOC81545",0.115292009889784,7.9032880794702,3.41010369854111,0.000738343925550777,0.452674834052308,-0.602055054783321,75,TRUE,"Higher in AD"
"KCNH7","11737809_at","LOC90134",0.214968036288143,5.03926821192053,3.40958695212395,0.000739691380826206,0.452674834052308,-0.603588528882328,76,TRUE,"Higher in AD"
"MOSPD2","11743736_at","LOC158747",0.187205520917168,7.3166059602649,3.40855924894788,0.000742378019013046,0.452674834052308,-0.606637661884041,77,TRUE,"Higher in AD"
"EMD","11718429_at","LOC2010",-0.111936448237746,6.78164569536424,-3.40695304591027,0.000746595228851064,0.452674834052308,-0.611401478751638,78,TRUE,"Lower in AD"
"FAM209A || FAM209B","11729876_s_at","",0.154579089875981,6.62533112582781,3.39856522258276,0.000768983724593068,0.452674834052308,-0.636245316795468,79,TRUE,"Higher in AD"
"CCR5","11748062_s_at","LOC1234",-0.102295034816714,2.70323509933775,-3.39719122358035,0.000772710328795595,0.452674834052308,-0.640309593849832,80,TRUE,"Lower in AD"
"DDR2","11759442_s_at","LOC4921",0.0642967234646638,2.01482119205298,3.39264868072731,0.000785151040583156,0.452674834052308,-0.653735649006687,81,TRUE,"Higher in AD"
"ABHD3","11746269_a_at","LOC171586",0.217517099382424,5.20606291390729,3.39215388242648,0.000786517376781664,0.452674834052308,-0.655197090625678,82,TRUE,"Higher in AD"
"BCL6","11720746_s_at","LOC604",0.0808636881238044,11.7209536423841,3.39143355643069,0.000788510450522181,0.452674834052308,-0.657324303181161,83,TRUE,"Higher in AD"
"SULT1B1","11734451_at","LOC27284",0.278419794846935,6.00743377483444,3.38927250396229,0.000794518182573722,0.452674834052308,-0.663703669930097,84,TRUE,"Higher in AD"
"HECW2","11730580_s_at","LOC57520",0.322491623525227,5.78182781456954,3.38891389573799,0.000795519235101627,0.452674834052308,-0.66476190995045,85,TRUE,"Higher in AD"
"PISD","11756516_a_at","LOC23761",0.139347023240646,9.59523841059603,3.38708809398745,0.000800634216278244,0.452674834052308,-0.670148189782196,86,TRUE,"Higher in AD"
"ARHGEF12","11761978_at","",-0.353854785050864,4.96204966887417,-3.37904490980635,0.000823534501538175,0.452674834052308,-0.693844541459385,87,TRUE,"Lower in AD"
"ABCA1","11739502_a_at","LOC19",0.273092119065696,3.04954304635762,3.37783064314357,0.000827044316705058,0.452674834052308,-0.697417441925785,88,TRUE,"Higher in AD"
"CREB5","11722971_a_at","LOC9586",0.169075806483049,9.82096688741722,3.37376225645768,0.000838905815286378,0.452674834052308,-0.709379798207624,89,TRUE,"Higher in AD"
"DUSP13","11728562_a_at","LOC51207",0.308744901241707,3.92420529801324,3.37298752609808,0.000841182462077816,0.452674834052308,-0.711656250189106,90,TRUE,"Higher in AD"
"FLOT1","11743045_a_at","LOC10211",0.164365408004241,5.84828145695364,3.37236892317343,0.000843004441804998,0.452674834052308,-0.713473595235353,91,TRUE,"Higher in AD"
"LAMP2","11748160_s_at","LOC3920",0.16374548310229,7.92860264900662,3.37115722153155,0.000846583947763517,0.452674834052308,-0.717032470116603,92,TRUE,"Higher in AD"
"LIMK2","11733509_a_at","LOC3985",0.238103812468875,7.03697350993377,3.36548886327529,0.000863517863415288,0.452674834052308,-0.733665314651921,93,TRUE,"Higher in AD"
"CCPG1","11723009_at","LOC9236",0.206001220448399,4.27806291390729,3.36368261625295,0.000868979903552203,0.452674834052308,-0.738960032560136,94,TRUE,"Higher in AD"
"ABCG1","11725515_a_at","LOC9619",0.222652798934807,9.70967218543046,3.36309120301517,0.000870775305450314,0.452674834052308,-0.740693095433818,95,TRUE,"Higher in AD"
"PRDM1","11726217_a_at","LOC639",0.244403163396878,5.55043046357616,3.35891919494568,0.000883539146403142,0.454525669627767,-0.75291067897826,96,TRUE,"Higher in AD"
"LONRF3","11755304_a_at","LOC79836",0.178925402196913,3.05288410596026,3.3559315754738,0.000892786342128204,0.454547899921067,-0.761651244229177,97,TRUE,"Higher in AD"
"ABCG1","11725517_x_at","LOC9619",0.231199422656328,9.73500331125828,3.35184232873894,0.00090558947250889,0.456361649891062,-0.773603118348579,98,TRUE,"Higher in AD"
"HAL","11752202_a_at","LOC3034",0.262289714573763,5.8772417218543,3.34881400915007,0.000915180910613599,0.45653661062185,-0.782445513419954,99,TRUE,"Higher in AD"
"SH3GLB1","11746324_a_at","LOC51100",0.14006123962125,8.50528145695364,3.34209591563984,0.00093679751024485,0.462646818409522,-0.802035408723026,100,TRUE,"Higher in AD"
"BCL7A","11740108_a_at","LOC605",-0.248059206147737,5.71036092715232,-3.33443683721155,0.00096202141992231,0.470399899448349,-0.824324998061733,101,TRUE,"Lower in AD"
"USP47","11743614_a_at","LOC55031",-0.153465323159723,6.23440728476821,-3.31880714881503,0.0010154683808015,0.473037532048113,-0.869664559163695,102,TRUE,"Lower in AD"
"LIMK2","11739042_x_at","LOC3985",0.15224783223574,5.47538741721854,3.3173667844643,0.00102053036956858,0.473037532048113,-0.873832972370312,103,TRUE,"Higher in AD"
"EGLN1","11733857_x_at","LOC54583",0.15213489399326,7.49819867549669,3.31605840380123,0.00102514885169536,0.473037532048113,-0.877617978461411,104,TRUE,"Higher in AD"
"RAD23B","11745206_x_at","LOC5887",0.162561949960163,5.61733112582781,3.31296432346735,0.00103614817300753,0.473037532048113,-0.886563344538531,105,TRUE,"Higher in AD"
"LIMK2","11750802_x_at","LOC3985",0.197759110823638,4.76617549668874,3.31134008028405,0.00104196612319906,0.473037532048113,-0.891256147829446,106,TRUE,"Higher in AD"
"CDKN1C","11763718_x_at","LOC1028",-0.261682817781585,8.23253642384106,-3.30960418889356,0.00104821756535803,0.473037532048113,-0.896269180921006,107,TRUE,"Lower in AD"
"OSBPL8","11755548_a_at","LOC114882",0.119455040284898,9.7515,3.3095019620748,0.00104858679866621,0.473037532048113,-0.896564323331255,108,TRUE,"Higher in AD"
"ACSL1","11716302_s_at","LOC2180",0.148802827846723,10.8428145695364,3.3005007520471,0.00108157657999482,0.473037532048113,-0.92251903064648,109,TRUE,"Higher in AD"
"FNDC3B","11717715_at","LOC64778",0.245150110337783,3.04614900662252,3.29884889626733,0.00108773448955858,0.473037532048113,-0.927275020195752,110,TRUE,"Higher in AD"
"VWA9","11747587_a_at","LOC81556",-0.112680602705769,5.62858940397351,-3.29777659308087,0.00109174932704024,0.473037532048113,-0.930361197302218,111,TRUE,"Lower in AD"
"ITCH","11749666_a_at","LOC83737",0.140012140581514,6.4322880794702,3.29519588049123,0.0011014683701987,0.473037532048113,-0.937784904089196,112,TRUE,"Higher in AD"
"DGAT2","11722642_a_at","LOC84649",0.244780158238183,7.34795364238411,3.28775932555759,0.00112992620832035,0.473037532048113,-0.959146969048557,113,TRUE,"Higher in AD"
"GALK2","11749178_a_at","LOC2585",0.13939872429715,5.81119205298013,3.28530171206826,0.00113948006327489,0.473037532048113,-0.966196849697273,114,TRUE,"Higher in AD"
"RICTOR","11722098_a_at","LOC253260",0.152974790276285,3.84221523178808,3.284659230715,0.00114199002343775,0.473037532048113,-0.968039061131576,115,TRUE,"Higher in AD"
"MCTP1","11762549_at","LOC79772",0.195206446238503,6.34326158940397,3.28380660292037,0.00114532888667427,0.473037532048113,-0.970483319603008,116,TRUE,"Higher in AD"
"KDM5D","11726813_a_at","LOC8284",-0.150843977625424,5.4230761589404,-3.28258474551165,0.00115012945270974,0.473037532048113,-0.973985039835257,117,TRUE,"Lower in AD"
"TANC2","11754329_a_at","LOC26115",0.207766262941605,6.5762880794702,3.28169471443918,0.00115363806210238,0.473037532048113,-0.976535021347081,118,TRUE,"Higher in AD"
"AQP9","11725702_a_at","LOC366",0.107428014510683,11.2324668874172,3.28143491084144,0.001154664112175,0.473037532048113,-0.977279250602368,119,TRUE,"Higher in AD"
"FUT7","11740163_at","LOC2529",0.162364296024145,3.56309271523179,3.27997165119142,0.00116045885574671,0.473037532048113,-0.981469864227171,120,TRUE,"Higher in AD"
"C9ORF78","11721829_at","LOC51759",-0.183418024381939,9.97978476821192,-3.27963012784322,0.00116181522537679,0.473037532048113,-0.982447700718657,121,TRUE,"Lower in AD"
"SPINK8","11734543_at","LOC646424",0.269202624499761,4.07060264900662,3.27666549306523,0.00117365137588574,0.473037532048113,-0.990931975689925,122,TRUE,"Higher in AD"
"UBE2W","11750058_a_at","LOC55284",0.175891834842267,4.75804304635762,3.27136671393737,0.00119508584330396,0.473037532048113,-1.00607850732531,123,TRUE,"Higher in AD"
"MEFV","11752332_x_at","LOC4210",0.154747743956509,5.51486092715232,3.26998168120903,0.00120074815244317,0.473037532048113,-1.01003388070825,124,TRUE,"Higher in AD"
"C3","11715393_a_at","LOC718",-0.314939763990048,4.43802649006622,-3.26577342254644,0.00121810558610319,0.473037532048113,-1.0220423166228,125,TRUE,"Lower in AD"
"PGM1","11756127_a_at","LOC5236",0.122049326306032,7.74551655629139,3.26572096108942,0.00121832343174985,0.473037532048113,-1.02219192728248,126,TRUE,"Higher in AD"
"IL1R1","11718025_at","LOC3554",0.282571720533575,6.22482781456954,3.26478369289312,0.00122222152787349,0.473037532048113,-1.02486447347017,127,TRUE,"Higher in AD"
"CCNE1","11724407_s_at","LOC898",-0.260526307595053,5.52671523178808,-3.26387023065831,0.0012260317519572,0.473037532048113,-1.02746845632744,128,TRUE,"Lower in AD"
"SH3GLB1","11718846_a_at","LOC51100",0.14047641411247,7.98866556291391,3.25917270238756,0.00124580076304104,0.476938887469338,-1.04084893433614,129,TRUE,"Higher in AD"
"LINC00266-1","11760088_x_at","LOC140849",0.217777764731683,5.84634768211921,3.25544600278429,0.00126169414414829,0.479307900022364,-1.05145141670499,130,TRUE,"Higher in AD"
"ARID3B","11748808_a_at","LOC10620",0.109730242749327,8.08605629139073,3.24581572633124,0.00130364009950903,0.488464226414318,-1.07879763747087,131,TRUE,"Higher in AD"
"ASPH","11759707_at","LOC444",0.0764894576317842,2.11499006622517,3.24537777593669,0.00130557805626473,0.488464226414318,-1.08003946323853,132,TRUE,"Higher in AD"
"MAP3K2","11754680_a_at","LOC10746",0.0946920222733249,9.99631125827815,3.23996373022027,0.00132975725109679,0.491490061112817,-1.09537839509825,133,TRUE,"Higher in AD"
"LSMEM1","11730513_a_at","LOC286006",0.255745335704189,5.94026490066225,3.23911843826909,0.00133356959845133,0.491490061112817,-1.0977711144105,134,TRUE,"Higher in AD"
"IGSF6","11761745_at","",0.215938299349937,6.30306622516556,3.22911692274542,0.00137945333338377,0.496560272399625,-1.126037942565,135,TRUE,"Higher in AD"
"NAMPT","11743111_s_at","LOC10135",0.16176489345864,10.5773112582781,3.22530534800976,0.00139732147098308,0.496560272399625,-1.13678911637681,136,TRUE,"Higher in AD"
"RAD23B","11745264_a_at","LOC5887",0.163758878816349,5.51463245033113,3.22325897045874,0.00140700286494109,0.496560272399625,-1.14255640804984,137,TRUE,"Higher in AD"
"STXBP5","11739642_a_at","LOC134957",0.178816094580587,5.92148344370861,3.22122380408514,0.00141669283396328,0.496560272399625,-1.14828873991159,138,TRUE,"Higher in AD"
"SAP30L","11720378_a_at","LOC79685",0.136589071314026,7.63801655629139,3.21978753063401,0.00142356849125594,0.496560272399625,-1.15233218664896,139,TRUE,"Higher in AD"
"DUSP5","11717863_a_at","LOC1847",-0.178756267412914,8.5347119205298,-3.21812235188859,0.00143157864810029,0.496560272399625,-1.15701796382822,140,TRUE,"Lower in AD"
"TLR8","11726947_a_at","LOC51311",0.191977618684311,7.77166556291391,3.21759250314802,0.00143413617052011,0.496560272399625,-1.15850847570878,141,TRUE,"Higher in AD"
"MCTP2","11752249_a_at","LOC55784",0.20979023971935,3.98836092715232,3.21212001780392,0.00146080001845827,0.496560272399625,-1.17388975907952,142,TRUE,"Higher in AD"
"CD177","11730764_a_at","LOC57126",0.36300452083478,3.42596357615894,3.21187847402555,0.00146198741739866,0.496560272399625,-1.1745680967522,143,TRUE,"Higher in AD"
"LIMK2","11734741_x_at","LOC3985",0.17816455985132,5.30621523178808,3.21145602097038,0.00146406629285701,0.496560272399625,-1.17575437597455,144,TRUE,"Higher in AD"
"FAM46C","11739339_s_at","LOC54855",-0.331834803450201,10.1252582781457,-3.20906439753386,0.00147588709509327,0.496560272399625,-1.18246750281211,145,TRUE,"Lower in AD"
"CALCRL || ENSG00000213952","11761796_at","",0.159764685827506,2.79386092715232,3.20841593136348,0.00147910739166637,0.496560272399625,-1.18428690492768,146,TRUE,"Higher in AD"
"C19ORF59","11725889_at","LOC199675",0.235792890418329,5.65698675496689,3.20730379179502,0.00148464545350686,0.496560272399625,-1.18740644224604,147,TRUE,"Higher in AD"
"FBXL13","11740804_a_at","LOC222235",0.305621842300294,4.80282119205298,3.20661356712734,0.00148809217825182,0.496560272399625,-1.18934200936092,148,TRUE,"Higher in AD"
"SESN3","11731901_a_at","LOC143686",-0.378318984762036,7.98257947019868,-3.19918663453444,0.00152565122248634,0.500852184641764,-1.21014459182221,149,TRUE,"Lower in AD"
"LAT2","11737890_x_at","LOC7462",0.145622421369935,7.21431125827815,3.19604395611967,0.00154180686126455,0.500852184641764,-1.21893365459121,150,TRUE,"Higher in AD"
"OTUD7B","11751243_a_at","LOC56957",0.0926617374700204,2.79148675496689,3.19385614018943,0.00155314714603861,0.500852184641764,-1.22504754244659,151,TRUE,"Higher in AD"
"SVIL","11728498_a_at","LOC6840",0.162757909689692,9.22272185430464,3.19225022751758,0.00156152027769881,0.500852184641764,-1.22953282007333,152,TRUE,"Higher in AD"
"SVIL","11745431_a_at","LOC6840",0.163100111987687,9.26483443708609,3.19186040107576,0.00156355910040852,0.500852184641764,-1.23062128077958,153,TRUE,"Higher in AD"
"LRRC4","11726061_a_at","LOC64101",0.252845642808734,6.90241390728477,3.18958773325086,0.00157549445696409,0.500852184641764,-1.23696449432217,154,TRUE,"Higher in AD"
"FAM209A","11729875_at","LOC200232",0.164141855969571,6.07100993377483,3.18949642361973,0.00157597574421627,0.500852184641764,-1.2372192598398,155,TRUE,"Higher in AD"
"PTPRB","11733229_a_at","LOC5787",0.0650845349330775,2.00690397350993,3.18089746714325,0.00162191482027552,0.500852184641764,-1.26118110968843,156,TRUE,"Higher in AD"
"TGFBR1","11746441_a_at","LOC7046",0.22357079870209,4.27878476821192,3.17735555584118,0.00164119481961861,0.500852184641764,-1.27103353719973,157,TRUE,"Higher in AD"
"LINC01000","11745798_x_at","LOC402483",0.134139694363552,10.1999304635762,3.17464637402875,0.00165608477486385,0.500852184641764,-1.27856270704857,158,TRUE,"Higher in AD"
"FASTKD5","11719477_a_at","LOC60493",0.0975046492217064,7.42809602649007,3.17424628344015,0.00165829427222205,0.500852184641764,-1.27967410561861,159,TRUE,"Higher in AD"
"SNORA5B","11757174_x_at","LOC677795",-0.0822208839968258,2.67588741721854,-3.17328160916398,0.00166363289335132,0.500852184641764,-1.28235330783778,160,TRUE,"Lower in AD"
"MGAM","11731271_a_at","LOC8972",0.205916193733382,10.0933774834437,3.17230168909984,0.00166907215340694,0.500852184641764,-1.28507407810054,161,TRUE,"Higher in AD"
"STX3","11719533_a_at","LOC6809",0.194438254994533,7.64968874172185,3.17133387925259,0.00167446032844471,0.500852184641764,-1.28776045807734,162,TRUE,"Higher in AD"
"PELO","11719918_s_at","LOC53918",0.142884919162667,7.02034437086093,3.17013041059016,0.00168118294072773,0.500852184641764,-1.29109990166443,163,TRUE,"Higher in AD"
"CDC42EP3","11720498_at","LOC10602",0.0889388474967229,10.7658476821192,3.16760802814256,0.00169535407762867,0.500852184641764,-1.29809531196334,164,TRUE,"Higher in AD"
"SCGB1D4","11737959_at","LOC404552",-0.065455976220637,2.25624503311258,-3.16643787870728,0.00170196558392027,0.500852184641764,-1.30133877147168,165,TRUE,"Lower in AD"
"TPPP3","11719767_a_at","LOC51673",-0.244520378525422,6.21911589403974,-3.16507387835913,0.00170970245447757,0.500852184641764,-1.3051181482704,166,TRUE,"Lower in AD"
"C11ORF54","11747433_a_at","LOC28970",0.184178265706239,5.35726821192053,3.16236207064427,0.00172518099787549,0.500852184641764,-1.31262754053023,167,TRUE,"Higher in AD"
"PTPN12","11732037_a_at","LOC5782",0.227966401863169,5.60046357615894,3.15646647274864,0.00175927994736992,0.500852184641764,-1.32893267693804,168,TRUE,"Higher in AD"
"ASB2","11725239_a_at","LOC51676",-0.176223656725906,3.52177483443709,-3.15483389975107,0.00176883192143814,0.500852184641764,-1.33344279660176,169,TRUE,"Lower in AD"
"CREB3L2","11753262_a_at","LOC64764",-0.104829337673958,2.49688079470199,-3.1512692242461,0.00178985513854718,0.500852184641764,-1.34328297348332,170,TRUE,"Lower in AD"
"LAT2","11726346_a_at","LOC7462",0.146345033879656,7.34724503311258,3.14898152268068,0.00180346855387362,0.500852184641764,-1.34959265489362,171,TRUE,"Higher in AD"
"ELOVL5","11716078_a_at","LOC60481",0.233423521564416,3.76338741721854,3.14754509344065,0.00181206511799711,0.500852184641764,-1.35355227537549,172,TRUE,"Higher in AD"
"ANP32B","11756300_a_at","LOC10541",-0.075586331802861,9.93362913907285,-3.14747168008352,0.0018125054881051,0.500852184641764,-1.35375459945558,173,TRUE,"Lower in AD"
"MAPK14","11753885_a_at","LOC1432",0.192700575561883,7.4920298013245,3.14480765141423,0.00182855269862426,0.500852184641764,-1.36109358013481,174,TRUE,"Higher in AD"
"MGAM","11731270_a_at","LOC8972",0.261858159273638,7.40067549668874,3.14473345239038,0.00182900152086981,0.500852184641764,-1.3612979040817,175,TRUE,"Higher in AD"
"ANP32B","11718684_x_at","LOC10541",-0.0761388408749498,10.6563675496689,-3.14413325593958,0.00183263578892338,0.500852184641764,-1.36295051719744,176,TRUE,"Lower in AD"
"ABCG1","11725516_s_at","LOC9619",0.231869535200004,9.47732781456954,3.14379907381653,0.00183466219448057,0.500852184641764,-1.36387054505577,177,TRUE,"Higher in AD"
"LAT2","11726347_x_at","LOC7462",0.146818785602,7.01301324503311,3.1401340088637,0.00185702251838133,0.500852184641764,-1.3739547689094,178,TRUE,"Higher in AD"
"ATP11B","11739434_a_at","LOC23200",0.187279625838859,6.81499668874172,3.13659591554282,0.00187884664057313,0.500852184641764,-1.38367925814726,179,TRUE,"Higher in AD"
"ZNF516","11731062_s_at","LOC9658",0.211235259938291,5.29378476821192,3.13641636390676,0.00187996046172976,0.500852184641764,-1.38417248594072,180,TRUE,"Higher in AD"
"SLC2A14 || SLC2A3","11736555_s_at","",0.1715910687694,9.88722847682119,3.13549420395252,0.00188569055082032,0.500852184641764,-1.38670524263579,181,TRUE,"Higher in AD"
"FAM129C","11738541_x_at","LOC199786",-0.302524528188939,4.54466887417219,-3.13405300288875,0.00189467813720256,0.500852184641764,-1.39066218309872,182,TRUE,"Lower in AD"
"USP3","11749740_a_at","LOC9960",0.0720586226635289,9.95329470198675,3.13374438712179,0.0018966078529577,0.500852184641764,-1.3915092939982,183,TRUE,"Higher in AD"
"PTPN12","11740181_a_at","LOC5782",0.272677768778021,5.49832119205298,3.13272782261889,0.00190297707458228,0.500852184641764,-1.39429908495755,184,TRUE,"Higher in AD"
"IL1R2","11728500_a_at","LOC7850",0.22648380240178,8.63231456953642,3.12865298583516,0.00192870638706977,0.500852184641764,-1.40547333763018,185,TRUE,"Higher in AD"
"FBXO38","11746727_s_at","LOC81545",0.097598797445747,7.92991390728477,3.12366835268153,0.0019606167833306,0.500852184641764,-1.41912408044024,186,TRUE,"Higher in AD"
"HSPA1L","11727138_a_at","LOC3305",0.132209345506833,6.39166225165563,3.12214677389075,0.00197045416539869,0.500852184641764,-1.4232869871456,187,TRUE,"Higher in AD"
"NR4A1","11759135_x_at","",-0.204592645723737,5.23282119205298,-3.12126299263984,0.00197618891447247,0.500852184641764,-1.42570406866079,188,TRUE,"Lower in AD"
"KCNE1","11731273_a_at","LOC3753",0.185825189093371,4.25361589403974,3.12064856481167,0.00198018493085276,0.500852184641764,-1.42738411153125,189,TRUE,"Higher in AD"
"ARHGEF12","11750580_x_at","",-0.364000321427111,5.04582781456954,-3.12022487225743,0.001982944814803,0.500852184641764,-1.42854244358055,190,TRUE,"Lower in AD"
"HBG1 || HBG2","11758696_x_at","",-0.401749830637836,11.1590761589404,-3.11711296509233,0.00200332440995829,0.500852184641764,-1.43704559179703,191,TRUE,"Lower in AD"
"FAM168A","11759183_at","LOC23201",0.165178378235483,4.54250331125828,3.11663551841674,0.00200646820342839,0.500852184641764,-1.43834949465653,192,TRUE,"Higher in AD"
"CPD","11727133_at","LOC1362",0.196435179676243,8.00446688741722,3.11567792268339,0.00201278730410456,0.500852184641764,-1.44096411999789,193,TRUE,"Higher in AD"
"GPR12","11731913_at","LOC2835",-0.064131145547201,2.28872516556291,-3.11432611227222,0.00202173904445534,0.500852184641764,-1.44465383798564,194,TRUE,"Lower in AD"
"7-Mar","11745507_a_at","LOC64844",0.15709205217711,5.3882880794702,3.11396708024247,0.00202412273132512,0.500852184641764,-1.44563355242648,195,TRUE,"Higher in AD"
"ROPN1L","11720349_at","LOC83853",0.25941163003952,7.04020529801324,3.1139606028442,0.00202416575988509,0.500852184641764,-1.44565122676555,196,TRUE,"Higher in AD"
"OLAH","11744076_a_at","LOC55301",0.182203456718309,2.4043178807947,3.1135802713828,0.00202669373437932,0.500852184641764,-1.44668894563547,197,TRUE,"Higher in AD"
"RABL5","11748343_a_at","LOC64792",-0.149833937040234,2.89892715231788,-3.11337709178464,0.00202804541461053,0.500852184641764,-1.44724326450523,198,TRUE,"Lower in AD"
"OR13H1","11762886_at","",-0.069414980604027,2.07490728476821,-3.113360120635,0.00202815835513009,0.500852184641764,-1.44728956402961,199,TRUE,"Lower in AD"
"WDFY3","11743471_a_at","LOC23001",0.23344941013888,6.52761258278146,3.11333636355688,0.00202831646475424,0.500852184641764,-1.44735437606309,200,TRUE,"Higher in AD"
"HCAR2 || HCAR3","11722615_s_at","",0.192289590080147,9.82457284768212,3.10748739506347,0.00206759061486075,0.500859069641872,-1.46329701616324,201,TRUE,"Higher in AD"
"LILRA6","11732349_at","LOC79168",0.152146307054957,9.39670860927152,3.10543188555633,0.00208155843777378,0.500859069641872,-1.46889312464347,202,TRUE,"Higher in AD"
"RNLS","11732827_a_at","LOC55328",0.166721678660291,3.33268874172185,3.10404249400498,0.00209104899762429,0.500859069641872,-1.47267377834699,203,TRUE,"Higher in AD"
"LSM4","11717244_at","LOC25804",-0.0928429350158953,4.66411920529801,-3.10389990778673,0.00209202521908261,0.500859069641872,-1.47306167851051,204,TRUE,"Lower in AD"
"OSBPL8","11718644_x_at","LOC114882",0.0978880945662653,9.81011920529801,3.1028327384467,0.0020993449799297,0.500859069641872,-1.47596434337062,205,TRUE,"Higher in AD"
"GABRB2","11740352_a_at","LOC2561",-0.0695123460599046,2.44005298013245,-3.10139346421915,0.00210925441527837,0.500859069641872,-1.47987764812433,206,TRUE,"Lower in AD"
"IER5","11716629_at","LOC51278",-0.155617738763577,7.02061258278146,-3.10085517451793,0.00211297161582091,0.500859069641872,-1.48134079253258,207,TRUE,"Lower in AD"
"CYP4F3","11759103_at","",0.227480339208673,8.97858609271523,3.09948019221051,0.00212249408616252,0.500859069641872,-1.48507710662816,208,TRUE,"Higher in AD"
"MAP2K6","11724606_a_at","LOC5608",0.135534635562706,6.29980463576159,3.0991259952094,0.00212495348342974,0.500859069641872,-1.48603933525229,209,TRUE,"Higher in AD"
"KIAA0040","11745808_a_at","LOC9674",0.150538368218848,6.81526821192053,3.09590300969446,0.00214745353890026,0.500859069641872,-1.49479034399414,210,TRUE,"Higher in AD"
"KDELR2","11756019_a_at","LOC11014",-0.117870927096776,7.42436754966887,-3.09471192992669,0.00215582401864122,0.500859069641872,-1.49802220088466,211,TRUE,"Lower in AD"
"RAET1L || RAET1G || ULBP2","11753308_s_at","",-0.0736657527365075,1.88043377483444,-3.09439100354609,0.00215808450932243,0.500859069641872,-1.49889279918979,212,TRUE,"Lower in AD"
"SLC2A14 || SLC2A3","11734657_s_at","",0.191883381824819,7.95258278145695,3.09409282494999,0.00216018672971528,0.500859069641872,-1.49970161265249,213,TRUE,"Higher in AD"
"AHCTF1","11730252_s_at","LOC25909",0.128661028988859,6.92269536423841,3.08702597401773,0.0022105650748543,0.510144704611002,-1.51884927424618,214,TRUE,"Higher in AD"
"SLC2A14 || SLC2A3","11736556_s_at","",0.217009672876309,6.93712582781457,3.08166902031949,0.00224947249582365,0.516709063622077,-1.53333676033235,215,TRUE,"Higher in AD"
"LAMP2","11750202_a_at","LOC3920",0.179611512865318,5.30638741721854,3.07650805792628,0.00228755190048029,0.520429825081832,-1.54727200716465,216,TRUE,"Higher in AD"
"MBP","11757273_s_at","LOC4155",0.235092602254075,5.69247682119205,3.073922887556,0.00230684846532032,0.520429825081832,-1.55424410161267,217,TRUE,"Higher in AD"
"ZFYVE16","11739855_a_at","LOC9765",0.260231278258998,3.53929801324503,3.07237625711558,0.00231846454623016,0.520429825081832,-1.5584126838476,218,TRUE,"Higher in AD"
"ZNF705E || ZNF705B || ZNF705A || ZNF705D","11750499_s_at","",0.0986259877781513,1.92130132450331,3.07107505742483,0.00232827897653317,0.520429825081832,-1.5619182485402,219,TRUE,"Higher in AD"
"AQP9","11749906_a_at","LOC366",0.209360529285343,8.13416887417219,3.07090111394173,0.00232959385641304,0.520429825081832,-1.56238676503771,220,TRUE,"Higher in AD"
"SPG20","11748660_a_at","LOC23111",0.189178317922284,6.12154966887417,3.06992756210261,0.00233696579031762,0.520429825081832,-1.56500856825778,221,TRUE,"Higher in AD"
"MXD3","11735170_at","LOC83463",0.221485656306838,7.6170298013245,3.06960188055608,0.00233943670611442,0.520429825081832,-1.56588546492022,222,TRUE,"Higher in AD"
"LIMK2","11739043_a_at","LOC3985",0.189225569562355,8.62262913907285,3.06587828820436,0.00236785865353183,0.521974663314744,-1.57590505643512,223,TRUE,"Higher in AD"
"SLC2A14 || SLC2A3","11752739_s_at","",0.184421181437008,4.71138079470199,3.06584129666243,0.00236814259475637,0.521974663314744,-1.5760045378228,224,TRUE,"Higher in AD"
"TMBIM6","11718408_x_at","LOC7009",0.0616590029151749,10.8998907284768,3.06454806953952,0.00237808891681483,0.521974663314744,-1.57948171054918,225,TRUE,"Higher in AD"
"GK","11750720_s_at","LOC2710",0.220911766111645,8.45403973509934,3.06234334966384,0.0023951342712835,0.523389827971712,-1.58540650824811,226,TRUE,"Higher in AD"
"USP32","11762047_at","",0.23715121966495,7.21809271523179,3.06066548810551,0.00240818156600714,0.523922708452989,-1.58991279960542,227,TRUE,"Higher in AD"
"","11762658_at","",0.0605445669226734,2.06260927152318,3.05726784497087,0.00243480260199516,0.52640061559725,-1.59903090702102,228,TRUE,"Higher in AD"
"MPP7","11734216_a_at","LOC143098",-0.108353455293506,2.77463245033113,-3.05649584701851,0.00244088893556413,0.52640061559725,-1.601101366155,229,TRUE,"Lower in AD"
"MAOB","11719499_at","LOC4129",0.11665625668673,2.74328145695364,3.05001429255169,0.00249254330692366,0.535203233720574,-1.6184653062294,230,TRUE,"Higher in AD"
"FAM8A1","11756601_a_at","LOC51439",0.20039239676737,6.31133443708609,3.04556112547484,0.00252861300501377,0.53573595401371,-1.63037528991573,231,TRUE,"Higher in AD"
"INTS6","11751761_a_at","LOC26512",0.156823257060841,5.25172185430464,3.04497914495148,0.00253336221069588,0.53573595401371,-1.63193059432076,232,TRUE,"Higher in AD"
"TLR2","11754833_a_at","LOC7097",0.10665087121544,10.391642384106,3.04246531281699,0.00255397048310545,0.53573595401371,-1.63864545415082,233,TRUE,"Higher in AD"
"SNX29P2","11737842_x_at","LOC440352",-0.21226243905275,5.27546357615894,-3.04160940316647,0.00256102227596904,0.53573595401371,-1.64093054749064,234,TRUE,"Lower in AD"
"MBD6","11722250_s_at","LOC114785",0.112549789248769,9.19524503311258,3.03718815446895,0.00259773450461738,0.53573595401371,-1.6527247573238,235,TRUE,"Higher in AD"
"TPCN2","11736837_a_at","LOC219931",0.182004182035226,4.66284437086093,3.03615267645057,0.00260640228852127,0.53573595401371,-1.65548470176685,236,TRUE,"Higher in AD"
"GLIS2","11718471_at","LOC84662",0.153054486033112,2.76045695364238,3.03565286859416,0.0026105955842867,0.53573595401371,-1.65681656590598,237,TRUE,"Higher in AD"
"WLS","11745018_a_at","LOC79971",0.375353797061664,5.78168543046358,3.03429560684323,0.00262201405129466,0.53573595401371,-1.66043229848366,238,TRUE,"Higher in AD"
"ARFGAP3","11750980_a_at","LOC26286",0.104607225365351,2.53678476821192,3.03405806934582,0.00262401713505624,0.53573595401371,-1.66106494076563,239,TRUE,"Higher in AD"
"P2RY10","11741190_a_at","LOC27334",-0.229476874541185,5.54494370860927,-3.02874273412566,0.0026692091312881,0.53573595401371,-1.67520935867822,240,TRUE,"Lower in AD"
"REM2","11729533_s_at","LOC161253",0.157570309507345,8.87358940397351,3.0275562119005,0.00267939428091719,0.53573595401371,-1.67836359843948,241,TRUE,"Higher in AD"
"CLIC1","11757474_x_at","LOC1192",0.0456700586396286,11.5838311258278,3.0275096393011,0.00267979478886858,0.53573595401371,-1.67848738304287,242,TRUE,"Higher in AD"
"ZNF410","11725690_a_at","LOC57862",-0.0906239843043814,7.2309238410596,-3.02589334314174,0.00269372847954088,0.53573595401371,-1.68278220903414,243,TRUE,"Lower in AD"
"PFN2","11753675_x_at","LOC5217",0.0969373617103326,2.55843708609272,3.02565348706386,0.0026958018798411,0.53573595401371,-1.68341937245985,244,TRUE,"Higher in AD"
"FAM129C","11750959_x_at","LOC199786",-0.158680673448047,4.46358609271523,-3.02448546269135,0.00270591965559773,0.53573595401371,-1.68652148491318,245,TRUE,"Lower in AD"
"SIPA1L2","11757924_s_at","LOC57568",0.265640663873499,6.89901324503311,3.02355824146234,0.00271397633850565,0.53573595401371,-1.68898325986011,246,TRUE,"Higher in AD"
"MEGF9","11749724_a_at","LOC1955",0.166680476077312,8.28819867549669,3.0233872645484,0.00271546437075794,0.53573595401371,-1.68943712697077,247,TRUE,"Higher in AD"
"NXPH4","11741289_s_at","LOC11247",-0.0847951864193916,3.16029801324503,-3.02329452762122,0.00271627178451428,0.53573595401371,-1.68968329192859,248,TRUE,"Lower in AD"
"PANX2","11728043_at","LOC56666",0.239857574595902,6.58833443708609,3.01990549974844,0.00274593001334843,0.53573595401371,-1.69867443185535,249,TRUE,"Higher in AD"
"MAPK14","11759946_at","",0.213020009511199,7.72134768211921,3.01975812333771,0.0027472264614748,0.53573595401371,-1.69906520963376,250,TRUE,"Higher in AD"
"NT5C2","11722568_at","LOC22978",0.164387748485872,6.72600331125828,3.01804318425944,0.00276235389439828,0.53573595401371,-1.70361116661584,251,TRUE,"Higher in AD"
"FOXD2","11740780_at","LOC2306",0.116787889948487,2.64441721854305,3.0155496303528,0.00278448592812745,0.53573595401371,-1.7102167649638,252,TRUE,"Higher in AD"
"LOC284751","11759953_at","LOC284751",0.167963891201441,3.24859933774834,3.01495409284621,0.0027897957625973,0.53573595401371,-1.71179362987899,253,TRUE,"Higher in AD"
"BCL6","11720745_a_at","LOC604",0.133719939418037,10.4978112582781,3.01345756205679,0.00280317993419526,0.53573595401371,-1.71575485998331,254,TRUE,"Higher in AD"
"JUP","11716343_a_at","LOC3728",-0.30025679568107,6.11529801324503,-3.01302464221296,0.00280706271347493,0.53573595401371,-1.71690043058243,255,TRUE,"Lower in AD"
"TREML4","11735916_a_at","LOC285852",0.498506491768994,3.37999006622517,3.01245199698924,0.0028122062470782,0.53573595401371,-1.71841549888596,256,TRUE,"Higher in AD"
"HBG2","11755537_s_at","LOC3048",-0.37023477296156,11.2676854304636,-3.01178946246845,0.0028181679638406,0.53573595401371,-1.72016805441355,257,TRUE,"Lower in AD"
"STEAP4","11720007_a_at","LOC79689",0.139271902301133,10.4891887417219,3.01175035215592,0.00281852025437084,0.53573595401371,-1.72027149887376,258,TRUE,"Higher in AD"
"LIMK2","11734742_a_at","LOC3985",0.175428801730678,9.27512582781457,3.01121422512179,0.00282335355482839,0.53573595401371,-1.72168939643395,259,TRUE,"Higher in AD"
"CD63","11744260_a_at","LOC967",0.0709636405939538,10.7134867549669,3.01088548336739,0.00282632099311512,0.53573595401371,-1.72255870441867,260,TRUE,"Higher in AD"
"PTPRE","11739767_a_at","LOC5791",0.141344575277827,8.0182417218543,3.00808647480683,0.00285170284580711,0.53573595401371,-1.7299566636222,261,TRUE,"Higher in AD"
"KIF3C","11717811_at","LOC3797",0.190956165624229,4.37854966887417,3.00799919786349,0.0028524976390024,0.53573595401371,-1.73018723868203,262,TRUE,"Higher in AD"
"KIF1B","11748990_a_at","LOC23095",0.215740011554319,5.30404966887417,3.00794338245891,0.00285300603218737,0.53573595401371,-1.73033469290469,263,TRUE,"Higher in AD"
"SLC18A2","11759609_at","LOC6571",0.178330003711972,5.64374503311258,3.00391683468636,0.00288990183524854,0.538150148810398,-1.74096535033472,264,TRUE,"Higher in AD"
"LILRB5","11740358_a_at","LOC10990",-0.0774473342584748,2.19687417218543,-3.00347150989548,0.00289400917659423,0.538150148810398,-1.74214025253637,265,TRUE,"Lower in AD"
"BACE2","11716345_a_at","LOC25825",-0.239374289923835,4.75698013245033,-3.00284816343086,0.00289976745070039,0.538150148810398,-1.74378455623873,266,TRUE,"Lower in AD"
"WLS","11718760_a_at","LOC79971",0.277013600068333,6.18686754966887,3.00180257788071,0.00290944983866635,0.538150148810398,-1.74654195229498,267,TRUE,"Higher in AD"
"CDS2","11721283_a_at","LOC8760",0.110704414703869,8.91622516556291,2.99377537463142,0.00298477730706893,0.547840428549418,-1.76768118052186,268,TRUE,"Higher in AD"
"PITHD1","11716907_s_at","LOC57095",-0.15731857611649,11.1769933774834,-2.99288345546264,0.00299325656447668,0.547840428549418,-1.77002673263569,269,TRUE,"Lower in AD"
"IL10","11734308_at","LOC3586",-0.076097774599706,2.43726490066225,-2.99268792564288,0.00299511836772249,0.547840428549418,-1.77054084579322,270,TRUE,"Lower in AD"
"MKNK1","11748830_a_at","LOC8569",0.118481430342104,4.7669238410596,2.99015246117141,0.00301935698917467,0.548490533051057,-1.77720457994072,271,TRUE,"Higher in AD"
"HBG2","11715494_s_at","LOC3048",-0.36468588642246,11.3028410596026,-2.98973464154683,0.00302336849073169,0.548490533051057,-1.77830219023852,272,TRUE,"Lower in AD"
"OSBPL8","11718643_a_at","LOC114882",0.105158254679318,9.74859602649007,2.98883826111321,0.00303199116192724,0.548490533051057,-1.78065649302338,273,TRUE,"Higher in AD"
"GCA","11747086_a_at","LOC25801",0.133097934040144,9.8697880794702,2.98610257613136,0.00305844647278164,0.550791196199539,-1.78783755820064,274,TRUE,"Higher in AD"
"MSL1","11757450_s_at","LOC339287",0.11701637836202,9.7717417218543,2.98475449300829,0.00307156071240072,0.550791196199539,-1.79137395794741,275,TRUE,"Higher in AD"
"AQP9","11725701_a_at","LOC366",0.216453416812924,7.01882450331126,2.98358252837411,0.00308300351529149,0.550791196199539,-1.79444713415726,276,TRUE,"Higher in AD"
"DCAF12","11718038_s_at","LOC25853",-0.214872696312527,10.7967814569536,-2.98293729660058,0.00308932007749711,0.550791196199539,-1.79613860619313,277,TRUE,"Lower in AD"
"PPM1K","11727871_at","LOC152926",-0.162913820638343,6.78875165562914,-2.98034783886481,0.00311478932180727,0.552713753400958,-1.80292340985156,278,TRUE,"Lower in AD"
"ACAP2","11718323_at","LOC23527",0.120901673304614,7.23413907284768,2.97850648138033,0.00313301733743815,0.552713753400958,-1.80774470982209,279,TRUE,"Higher in AD"
"RNF24","11740410_a_at","LOC11237",0.189350991540341,8.32957284768212,2.97843986742594,0.00313367859215705,0.552713753400958,-1.8079190754809,280,TRUE,"Higher in AD"
"SLC16A14","11725662_a_at","LOC151473",-0.148569187083643,2.30707947019868,-2.97504401869234,0.00316755795324454,0.55505763131102,-1.81680305370519,281,TRUE,"Lower in AD"
"LILRA2","11749617_a_at","LOC11027",0.201750346059334,6.7391059602649,2.97401193521739,0.00317792102807111,0.55505763131102,-1.81950123541572,282,TRUE,"Higher in AD"
"EGLN1","11753665_x_at","LOC54583",0.154884810431912,6.43261589403973,2.97265519043388,0.00319159124964997,0.55505763131102,-1.82304684632818,283,TRUE,"Higher in AD"
"ZNF281","11729733_a_at","LOC23528",0.135067570661512,7.74850993377483,2.97238353273912,0.00319433486814691,0.55505763131102,-1.82375659315795,284,TRUE,"Higher in AD"
"ATP6V1C1","11722182_a_at","LOC528",0.155318916394505,6.1411059602649,2.97151083449982,0.00320316334434133,0.55505763131102,-1.82603623803151,285,TRUE,"Higher in AD"
"TPD52L1","11720704_s_at","LOC7164",0.127775759708464,2.74797350993377,2.96811347973357,0.00323774524743548,0.559088415349121,-1.83490476473209,286,TRUE,"Higher in AD"
"SLC6A6","11750851_a_at","LOC6533",0.206568489499536,6.08594039735099,2.96153744685616,0.00330565624483528,0.5613303048669,-1.85204395886793,287,TRUE,"Higher in AD"
"TPST1","11756374_a_at","LOC8460",0.344924244809872,5.11715894039735,2.961121476545,0.00330999552960817,0.5613303048669,-1.85312690877307,288,TRUE,"Higher in AD"
"HBG1","11758698_x_at","LOC3047",-0.262878200053151,11.4390066225166,-2.96048935966005,0.00331659957717347,0.5613303048669,-1.8547723082565,289,TRUE,"Lower in AD"
"C19ORF59","11725888_at","LOC199675",0.250155473344626,7.39620860927152,2.95998235879535,0.00332190518775361,0.5613303048669,-1.85609179284712,290,TRUE,"Higher in AD"
"TIE1","11759904_x_at","",-0.079731634188814,2.21385430463576,-2.95954625227871,0.00332647512448916,0.5613303048669,-1.85722660329099,291,TRUE,"Lower in AD"
"","11759527_at","",-0.0768607878111365,2.29744039735099,-2.95920832949052,0.00333002015535516,0.5613303048669,-1.85810581805967,292,TRUE,"Lower in AD"
"FLT3","11737027_a_at","LOC2322",0.203522626317456,5.21679470198676,2.95918247130792,0.00333029156696233,0.5613303048669,-1.85817309255709,293,TRUE,"Higher in AD"
"FZD4","11719012_at","LOC8322",0.0681648776982242,2.06050993377483,2.95450378944688,0.00337973434448942,0.563017803468993,-1.87033641186059,294,TRUE,"Higher in AD"
"ACPL2","11749167_a_at","LOC92370",0.0724216697346002,2.12382450331126,2.95320406309063,0.00339358814976546,0.563017803468993,-1.87371214843096,295,TRUE,"Higher in AD"
"TYMP","11760977_a_at","",0.145465601354447,4.30139735099338,2.9508746281836,0.00341854772247488,0.563017803468993,-1.87975882699285,296,TRUE,"Higher in AD"
"CFLAR","11763231_at","",0.215339292280473,4.76884768211921,2.95051133391251,0.00342245547478649,0.563017803468993,-1.88070145212274,297,TRUE,"Higher in AD"
"ELL","11728333_a_at","LOC8178",0.108745292562111,5.66769536423841,2.95009754162287,0.00342691138391439,0.563017803468993,-1.88177496982222,298,TRUE,"Higher in AD"
"OSBPL2","11721462_at","LOC9885",0.0879350125913506,9.72449006622517,2.95001321338444,0.00342782012064547,0.563017803468993,-1.88199372858055,299,TRUE,"Higher in AD"
"PLEKHS1","11751470_a_at","LOC79949",0.055055290732222,2.06961920529801,2.94954043190007,0.00343291898554767,0.563017803468993,-1.88322007851019,300,TRUE,"Higher in AD"
"SLC39A1","11745745_a_at","LOC27173",0.100288496642172,3.0978178807947,2.94949200065387,0.00343344169959768,0.563017803468993,-1.88334569411668,301,TRUE,"Higher in AD"
"PIP4K2A","11746494_x_at","LOC5305",-0.281269598184912,5.83020198675497,-2.94763127080868,0.00345357961032431,0.563017803468993,-1.88817038393679,302,TRUE,"Lower in AD"
"CSF1R","11716993_a_at","LOC1436",-0.142448939943822,8.79324834437086,-2.94756426698968,0.00345430677623425,0.563017803468993,-1.88834406498069,303,TRUE,"Lower in AD"
"NSMAF","11740560_x_at","LOC8439",0.0961059142229414,6.79276821192053,2.94618916683701,0.00346926115853254,0.563098510268361,-1.89190765314782,304,TRUE,"Higher in AD"
"SVIL","11739746_s_at","LOC6840",0.154647678518436,7.12384105960265,2.94542419671354,0.00347760591325173,0.563098510268361,-1.89388940680893,305,TRUE,"Higher in AD"
"CYP4F3 || CYP4F2","11749758_s_at","",0.258654311629998,6.59862251655629,2.94152283624827,0.00352045057498775,0.566772664750279,-1.90398887226,306,TRUE,"Higher in AD"
"CD46","11751532_x_at","LOC4179",0.167366590110875,6.2335298013245,2.93996659097249,0.00353767549496522,0.566772664750279,-1.90801402496749,307,TRUE,"Higher in AD"
"ABHD12B","11738559_a_at","LOC145447",0.195556533499564,4.30032450331126,2.93962404278277,0.0035414772386753,0.566772664750279,-1.90889974075944,308,TRUE,"Higher in AD"
"HBG2","11744478_s_at","LOC3048",-0.358856740758717,11.2405728476821,-2.93645474818488,0.00357682897937876,0.566772664750279,-1.91708988945766,309,TRUE,"Lower in AD"
"LSMEM2","11728950_at","LOC132228",-0.111047328936566,7.84960927152318,-2.93553479068618,0.00358715084700443,0.566772664750279,-1.91946570743698,310,TRUE,"Lower in AD"
"PITHD1","11756446_a_at","LOC57095",-0.277177406281079,7.1961523178808,-2.93349207983387,0.00361016736432231,0.566772664750279,-1.92473857129579,311,TRUE,"Lower in AD"
"CYP4F2","11727963_x_at","LOC8529",0.145594898092275,4.48640728476821,2.93021628508491,0.00364735977474929,0.566772664750279,-1.93318720951908,312,TRUE,"Higher in AD"
"ACPL2","11753980_a_at","LOC92370",0.204046350505543,4.95845033112583,2.92900158014415,0.00366123994208606,0.566772664750279,-1.93631781582145,313,TRUE,"Higher in AD"
"DYX1C1-CCPG1 || CCPG1","11748067_a_at","",0.198611299615527,6.17172185430464,2.92854345498958,0.0036664873614034,0.566772664750279,-1.93749820537779,314,TRUE,"Higher in AD"
"TMTC1","11755214_a_at","LOC83857",0.23724839478974,2.6629701986755,2.92810619235245,0.00367150222839947,0.566772664750279,-1.93862467958033,315,TRUE,"Higher in AD"
"GRB10","11722160_a_at","LOC2887",0.219909271254486,6.42934768211921,2.92797593783031,0.00367299729945415,0.566772664750279,-1.93896021021106,316,TRUE,"Higher in AD"
"SLC25A44","11719370_a_at","LOC9673",0.121754368913137,8.22740066225166,2.92770350457758,0.00367612610728682,0.566772664750279,-1.93966194246116,317,TRUE,"Higher in AD"
"LTB4R","11731135_a_at","LOC1241",0.188568096642889,7.67619205298013,2.92642584455708,0.00369083213861586,0.566772664750279,-1.94295211488776,318,TRUE,"Higher in AD"
"CCDC47","11743728_a_at","LOC57003",0.108374896111189,6.42403642384106,2.92567871740668,0.00369945655578344,0.566772664750279,-1.94487545811934,319,TRUE,"Higher in AD"
"PTPRE","11746486_a_at","LOC5791",0.114648472144603,8.38307284768212,2.92398332683232,0.00371909553501225,0.566772664750279,-1.94923822271785,320,TRUE,"Higher in AD"
"ASAP1","11755032_s_at","LOC50807",0.114735071381538,10.3051688741722,2.92336409121594,0.00372629232039872,0.566772664750279,-1.95083111543905,321,TRUE,"Higher in AD"
"LIMK2","11757632_s_at","LOC3985",0.159716977238928,8.88490066225166,2.92191225650798,0.00374321552094956,0.566772664750279,-1.95456450476355,322,TRUE,"Higher in AD"
"BHLHB9","11726202_s_at","LOC80823",0.209410307361115,4.51060264900662,2.92133555137458,0.00374995730189447,0.566772664750279,-1.9560470171927,323,TRUE,"Higher in AD"
"WDFY3","11735912_a_at","LOC23001",0.237539563356023,7.5755761589404,2.92094119088762,0.00375457382659155,0.566772664750279,-1.95706062541608,324,TRUE,"Higher in AD"
"KLHL4","11729175_at","LOC56062",-0.0764742986163925,2.75166887417219,-2.92047331932975,0.00376005763105212,0.566772664750279,-1.95826300936147,325,TRUE,"Lower in AD"
"CHURC1","11761522_at","",-0.0648132447842962,2.08523509933775,-2.91951158288858,0.00377135288342189,0.566772664750279,-1.96073400937631,326,TRUE,"Lower in AD"
"DEFB126","11758715_s_at","LOC81623",-0.0467330251597839,2.04412913907285,-2.91950771827586,0.00377139833437566,0.566772664750279,-1.96074393722616,327,TRUE,"Lower in AD"
"BNIP1","11718187_a_at","LOC662",-0.137955589885258,4.88934105960265,-2.91877221322691,0.00378005757934705,0.566772664750279,-1.96263316020151,328,TRUE,"Lower in AD"
"PFDN4","11720950_at","LOC5203",-0.165376636262355,2.82431125827815,-2.91857922297782,0.00378233269687048,0.566772664750279,-1.96312880213485,329,TRUE,"Lower in AD"
"LRRC41","11747650_a_at","LOC10489",-0.11069664887829,4.6001357615894,-2.91799766349105,0.00378919613235384,0.566772664750279,-1.96462219022859,330,TRUE,"Lower in AD"
"HMHA1","11747019_a_at","LOC23526",0.100128768794732,4.60950993377483,2.91719540595578,0.00379868286624433,0.566772664750279,-1.96668185056372,331,TRUE,"Higher in AD"
"CARD6","11728617_at","LOC84674",0.140184962390765,7.42791390728477,2.91605086623581,0.00381225465328949,0.56708436237155,-1.96961934146183,332,TRUE,"Higher in AD"
"DMD","11732965_a_at","LOC1756",-0.0825901613995459,3.23225165562914,-2.91483504835249,0.00382672013715673,0.567526728809676,-1.97273858338431,333,TRUE,"Lower in AD"
"PXDNL","11733408_a_at","LOC137902",-0.0731919430415657,2.42799006622517,-2.91357119613288,0.00384181023687021,0.568058803467282,-1.97597976428369,334,TRUE,"Lower in AD"
"RPL36AP33","11760828_at","LOC100191039",0.0555042269190834,1.95779801324503,2.9122748936832,0.0038573442112912,0.568653137966649,-1.97930279258496,335,TRUE,"Higher in AD"
"ARL17B","11759466_x_at","LOC100506084",-0.124746784006245,3.32311258278146,-2.90930376959968,0.00389316464509592,0.570530248309763,-1.98691392815957,336,TRUE,"Lower in AD"
"HIP1R","11722494_s_at","LOC9026",-0.173165071329711,7.10906622516556,-2.90850000541087,0.00390290702649443,0.570530248309763,-1.98897167812953,337,TRUE,"Lower in AD"
"SVIL","11728499_x_at","LOC6840",0.147309000931059,9.43606291390729,2.90834942969024,0.00390473461970396,0.570530248309763,-1.98935711383768,338,TRUE,"Higher in AD"
"CYP4F3 || CYP4F2","11733296_s_at","",0.232611349294542,6.76345033112583,2.90614848818686,0.00393153757211961,0.571562570101075,-1.99498882616816,339,TRUE,"Higher in AD"
"ABCA1","11739503_at","",0.277718341440738,7.26466556291391,2.90538097272329,0.00394092375466366,0.571562570101075,-1.99695178260669,340,TRUE,"Higher in AD"
"MAPK13","11721540_a_at","LOC5603",0.117565849349774,5.34605960264901,2.90363947904377,0.00396229691244851,0.571562570101075,-2.00140392617404,341,TRUE,"Higher in AD"
"PLIN4","11727310_a_at","LOC729359",0.17807876393254,4.28703311258278,2.9023874457579,0.00397772828461649,0.571562570101075,-2.00460320957631,342,TRUE,"Higher in AD"
"MAPK14","11749297_a_at","LOC1432",0.208781685052449,7.85520529801324,2.90218688402731,0.00398020530782124,0.571562570101075,-2.00511557847223,343,TRUE,"Higher in AD"
"MKRN1","11754758_a_at","LOC23608",-0.229559372004443,9.44581125827815,-2.90210313093977,0.00398124011085671,0.571562570101075,-2.0053295300622,344,TRUE,"Lower in AD"
"KDM5D","11755369_a_at","LOC8284",-0.125407494333931,4.56278145695364,-2.90080118393585,0.00399735779119399,0.572200748396136,-2.00865467454219,345,TRUE,"Lower in AD"
"HCAR2 || HCAR3","11724835_s_at","",0.234473517810797,6.40709602649007,2.89987515367662,0.00400885795458355,0.572200748396136,-2.01101888214547,346,TRUE,"Higher in AD"
"COL13A1","11730533_a_at","LOC1305",0.127722718533136,3.19130794701987,2.89828237661873,0.00402870893425532,0.572749079399989,-2.01508367195127,347,TRUE,"Higher in AD"
"FCRL1","11736880_x_at","LOC115350",-0.254307967443597,5.54292052980132,-2.89691470349852,0.0040458259353466,0.572749079399989,-2.01857231776438,348,TRUE,"Lower in AD"
"APAF1","11741241_a_at","LOC317",0.184293174085454,5.26551324503311,2.89678188265666,0.00404749177318666,0.572749079399989,-2.01891103325382,349,TRUE,"Higher in AD"
"RNF24","11729248_a_at","LOC11237",0.171812873830741,7.39166225165563,2.89451745643247,0.00407598862364287,0.575133640477791,-2.02468345433754,350,TRUE,"Higher in AD"
"GNN*","11748305_s_at","LOC253724",-0.0656635851377301,1.99600993377483,-2.89122624614855,0.00411773349577772,0.579368622286264,-2.03306576013729,351,TRUE,"Lower in AD"
"ABCD4","11718612_a_at","LOC5826",-0.096822321926198,6.16580132450331,-2.88982773953872,0.00413558954523677,0.580227912730292,-2.03662486841835,352,TRUE,"Lower in AD"
"","11762439_at","",0.0593553421018877,2.26334768211921,2.8876475948759,0.00416356637612141,0.580948719753316,-2.0421699642471,353,TRUE,"Higher in AD"
"MKRN1","11718558_s_at","LOC23608",-0.211802896149943,10.0595562913907,-2.88749723378716,0.0041655022401735,0.580948719753316,-2.04255225553126,354,TRUE,"Lower in AD"
"CASP4","11760222_x_at","",0.0912472631158155,9.29180132450331,2.88538694900783,0.00419275839090186,0.580948719753316,-2.04791565393228,355,TRUE,"Higher in AD"
"ATP11B","11760465_a_at","LOC23200",0.0964783997074846,7.88157284768212,2.88364242079749,0.00421541313754876,0.580948719753316,-2.05234667787712,356,TRUE,"Higher in AD"
"IL18BP","11726928_s_at","LOC10068",-0.134537800791162,6.77571854304636,-2.8835563313129,0.00421653399447045,0.580948719753316,-2.05256527605787,357,TRUE,"Lower in AD"
"PLD4","11727925_a_at","LOC122618",-0.186393895788771,3.96753642384106,-2.88316217749113,0.00422166921852201,0.580948719753316,-2.05356603194435,358,TRUE,"Lower in AD"
"DOK3","11726473_a_at","LOC79930",0.136259226753678,10.2816953642384,2.88305465047799,0.00422307112119711,0.580948719753316,-2.05383902050419,359,TRUE,"Higher in AD"
"TENM2","11739857_at","LOC57451",-0.0546861702740151,2.20304966887417,-2.88204468309583,0.00423625947897623,0.581144196190889,-2.05640264859071,360,TRUE,"Lower in AD"
"FAM101B","11724993_at","LOC359845",0.101194781079129,10.8124039735099,2.88059417984764,0.00425526612570686,0.582134550925648,-2.06008302259726,361,TRUE,"Higher in AD"
"ENTPD1","11724008_a_at","LOC953",0.12534559541837,9.00412582781457,2.87844720644703,0.00428354164925283,0.584383944447515,-2.06552735628192,362,TRUE,"Higher in AD"
"MAFG","11758538_s_at","LOC4097",0.12126295455846,5.20555298013245,2.87753976925353,0.00429554394468319,0.584406978655989,-2.06782730341037,363,TRUE,"Higher in AD"
"SNED1","11739511_a_at","LOC25992",-0.103066008929197,3.54056291390728,-2.86867321279404,0.00441444115155497,0.597362243624339,-2.09026413991687,364,TRUE,"Lower in AD"
"PSMB11","11740519_at","LOC122706",0.0684417370627329,2.64786092715232,2.86863499313387,0.00441496008834252,0.597362243624339,-2.09036071375669,365,TRUE,"Higher in AD"
"RASGRP4","11737425_x_at","LOC115727",0.074391195420309,10.912798013245,2.86532417473489,0.00446012498935072,0.601824406349931,-2.0987219271643,366,TRUE,"Higher in AD"
"ENTPD1","11724007_s_at","LOC953",0.216432542784181,7.02564900662252,2.86210610034664,0.0045044275639176,0.606146211639331,-2.1068402101415,367,TRUE,"Higher in AD"
"ACTR3","11751141_a_at","LOC10096",0.0803186499860109,9.27740066225166,2.86115507881454,0.00451759657479816,0.606266370768973,-2.10923772153514,368,TRUE,"Higher in AD"
"GK","11732433_s_at","LOC2710",0.167249327199978,9.30234437086093,2.86000659176853,0.00453354665720774,0.606758090007754,-2.11213204043148,369,TRUE,"Higher in AD"
"INTS2","11733457_at","LOC57508",-0.112370718293063,2.50074834437086,-2.85440635519917,0.00461205919771948,0.60767232630598,-2.12622959859538,370,TRUE,"Lower in AD"
"SORCS1","11740575_a_at","LOC114815",0.0480871983041709,1.88781456953642,2.85336569135493,0.0046267844117085,0.60767232630598,-2.12884640950806,371,TRUE,"Higher in AD"
"GID4","11726409_a_at","LOC79018",-0.173329378697511,7.18065894039735,-2.85330261774906,0.00462767826605425,0.60767232630598,-2.12900498293822,372,TRUE,"Lower in AD"
"ZSWIM7","11725195_a_at","LOC125150",-0.257120640938041,5.1933178807947,-2.85281221887957,0.0046346333688104,0.60767232630598,-2.13023778269988,373,TRUE,"Lower in AD"
"C17ORF105","11743646_at","LOC284067",-0.0591471508372199,2.08242715231788,-2.85168520426233,0.00465065336688389,0.60767232630598,-2.13307019616522,374,TRUE,"Lower in AD"
"KCNJ15","11732454_at","LOC3772",0.239336510275947,8.06185099337748,2.85118966963252,0.00465771310076317,0.60767232630598,-2.13431524024379,375,TRUE,"Higher in AD"
"HLF","11724271_a_at","LOC3131",0.0931640605428926,2.73688741721854,2.84971696869049,0.00467875182599737,0.60767232630598,-2.13801423785222,376,TRUE,"Higher in AD"
"MKRN1","11745175_a_at","LOC23608",-0.156958754720611,10.6898708609272,-2.84966818109271,0.00467945027368579,0.60767232630598,-2.13813674733596,377,TRUE,"Lower in AD"
"CYP4F3","11749605_x_at","LOC4051",0.24384504168432,7.01781456953642,2.84950777240667,0.00468174736781257,0.60767232630598,-2.13853953219602,378,TRUE,"Higher in AD"
"STX3","11719534_a_at","LOC6809",0.130097539661716,9.00362582781457,2.84931759229527,0.00468447212575452,0.60767232630598,-2.13901704517813,379,TRUE,"Higher in AD"
"GBA","11753440_x_at","LOC2629",0.146556068851395,5.861,2.8493098847899,0.00468458258352459,0.60767232630598,-2.13903639690444,380,TRUE,"Higher in AD"
"PXN","11749054_x_at","LOC5829",0.120256222212989,5.59822516556291,2.84850642259808,0.00469611016551826,0.60767232630598,-2.14105343023641,381,TRUE,"Higher in AD"
"IFITM2","11754061_x_at","LOC10581",0.0371109834248832,12.2759039735099,2.846341214522,0.00472730384243881,0.60767232630598,-2.14648635908418,382,TRUE,"Higher in AD"
"KIAA1671","11720295_x_at","LOC85379",-0.053478222419557,2.11191721854305,-2.84631669116002,0.00472765822212675,0.60767232630598,-2.14654787068278,383,TRUE,"Lower in AD"
"IQCD","11738889_at","LOC115811",0.144341546043051,3.19579470198675,2.84351888678601,0.00476824746190883,0.60767232630598,-2.15356228488214,384,TRUE,"Higher in AD"
"A2ML1","11749650_x_at","LOC144568",-0.0606803721011558,2.19672185430464,-2.84268916630693,0.00478034545158426,0.60767232630598,-2.15564123884008,385,TRUE,"Lower in AD"
"FAM46C","11739338_at","LOC54855",-0.391579964675722,8.56154635761589,-2.84053085338879,0.00481194625804472,0.60767232630598,-2.16104644594524,386,TRUE,"Lower in AD"
"LRRC4","11726060_at","LOC64101",0.214851200634575,7.20790728476821,2.84051741514466,0.00481214360697422,0.60767232630598,-2.16108008811646,387,TRUE,"Higher in AD"
"RNF125","11730477_at","LOC54941",-0.199748826386432,5.94300993377483,-2.83900421772661,0.00483441298284368,0.60767232630598,-2.16486736511903,388,TRUE,"Lower in AD"
"FGFR1OP2","11744747_a_at","LOC26127",-0.273351389113732,7.68932450331126,-2.83789575580492,0.0048507853819678,0.60767232630598,-2.16764045063729,389,TRUE,"Lower in AD"
"RCN3","11744298_at","LOC57333",0.211366044691367,6.07404635761589,2.83789132228762,0.00485085096779089,0.60767232630598,-2.16765154010333,390,TRUE,"Higher in AD"
"SLITRK3","11759696_a_at","LOC22865",0.0565692537758773,2.05220198675497,2.83786105622183,0.00485129872071484,0.60767232630598,-2.16772724355747,391,TRUE,"Higher in AD"
"RTN3","11720303_s_at","LOC10313",0.0782915001416983,11.0241125827815,2.83660746343635,0.00486987728283136,0.60767232630598,-2.17086214287576,392,TRUE,"Higher in AD"
"GYG1","11750078_a_at","LOC2992",0.127306208857485,5.53296357615894,2.8357484103503,0.00488264599507959,0.60767232630598,-2.173009650287,393,TRUE,"Higher in AD"
"TNFSF15","11736958_at","LOC9966",-0.0643822255710905,2.43982781456954,-2.83557220716649,0.00488526878624051,0.60767232630598,-2.17345005676172,394,TRUE,"Lower in AD"
"ITLN1","11723027_at","LOC55600",-0.37502058713475,5.3613178807947,-2.83510487281376,0.00489223128086853,0.60767232630598,-2.17461799853353,395,TRUE,"Lower in AD"
"RTN3","11750387_a_at","LOC10313",0.139573443828616,8.96133112582782,2.83484201327366,0.00489615140809956,0.60767232630598,-2.17527484596681,396,TRUE,"Higher in AD"
"PXN","11736018_x_at","LOC5829",0.130232815345893,5.76903973509934,2.83438784434701,0.00490293133718023,0.60767232630598,-2.17640961219503,397,TRUE,"Higher in AD"
"CASP4","11760221_at","",0.180982369150153,8.44691059602649,2.83386903254117,0.0049106867114991,0.60767232630598,-2.17770568250441,398,TRUE,"Higher in AD"
"FRY","11726384_at","LOC10129",0.17243423321093,8.62977814569537,2.83372550404311,0.00491283419242945,0.60767232630598,-2.17806419888802,399,TRUE,"Higher in AD"
"ACTR8","11742953_at","LOC93973",0.17493296262648,5.26504966887417,2.83263412756248,0.00492919137079188,0.60767232630598,-2.18078976195116,400,TRUE,"Higher in AD"
"TTTY6B || TTTY6","11753642_x_at","",-0.0703005111273389,2.28524834437086,-2.8320272277223,0.00493830878218608,0.60767232630598,-2.18230498278225,401,TRUE,"Lower in AD"
"SON","11724655_at","LOC6651",0.14255243805321,5.44749337748344,2.8314876535379,0.00494642763485611,0.60767232630598,-2.1836518574736,402,TRUE,"Higher in AD"
"STAT5B","11720228_at","LOC6777",0.054927999146089,10.3464470198675,2.82964054544271,0.00497431259655445,0.608618844109971,-2.18826074111571,403,TRUE,"Higher in AD"
"RHOBTB2","11720233_a_at","LOC23221",-0.0940441681227441,3.56046357615894,-2.82934551979754,0.00497877967481529,0.608618844109971,-2.18899662318642,404,TRUE,"Lower in AD"
"KDM5D","11726814_x_at","LOC8284",-0.113665348136761,5.65107947019868,-2.827177401986,0.00501171984950757,0.610791648264853,-2.19440233690713,405,TRUE,"Lower in AD"
"UBE2Z","11716650_a_at","LOC65264",-0.0642956943316094,8.27909602649007,-2.82654994847388,0.00502128962044973,0.610791648264853,-2.1959660219002,406,TRUE,"Lower in AD"
"PPFIA1","11717877_a_at","LOC8500",0.119442259149589,7.58562582781457,2.82267575904507,0.00508074650950645,0.614565201747208,-2.20561368921865,407,TRUE,"Higher in AD"
"CARTPT","11729791_at","LOC9607",-0.0434409241957524,1.9419701986755,-2.82211951616113,0.00508933543616529,0.614565201747208,-2.20699784374485,408,TRUE,"Lower in AD"
"MME","11747693_a_at","LOC4311",0.222658585983413,7.42912913907285,2.82190449532334,0.00509265909862331,0.614565201747208,-2.20753283253981,409,TRUE,"Higher in AD"
"EPB41L2","11722358_a_at","LOC2037",-0.101114002830728,2.65329801324503,-2.82062075539605,0.00511254343737301,0.614565201747208,-2.21072607864357,410,TRUE,"Lower in AD"
"CYP4F3 || CYP4F2","11749604_s_at","",0.235220990776011,6.72896026490066,2.81953484550324,0.00512941854166929,0.614565201747208,-2.21342616127295,411,TRUE,"Higher in AD"
"NABP1","11726727_a_at","LOC64859",0.194671548256225,7.48203311258278,2.81949478683366,0.00513004202225728,0.614565201747208,-2.21352574720546,412,TRUE,"Higher in AD"
"TMEM159","11734802_x_at","LOC57146",-0.190914684367642,6.09944701986755,-2.8188470824018,0.00514013257346017,0.614565201747208,-2.21513575645782,413,TRUE,"Lower in AD"
"ERGIC1","11749796_a_at","LOC57222",0.162968272764511,5.92381456953642,2.81809545246121,0.00515186476984053,0.614565201747208,-2.21700365758717,414,TRUE,"Higher in AD"
"BACE2","11758486_s_at","LOC25825",-0.239975382076622,5.79283112582781,-2.81652686380495,0.0051764272540434,0.616007316549849,-2.22090029691412,415,TRUE,"Lower in AD"
"LINC00266-1 || LINC01000","11758331_s_at","",0.33657477007796,6.51618874172185,2.81427035303797,0.00521194844991633,0.616751318724443,-2.22650226081189,416,TRUE,"Higher in AD"
"DPCD","11719122_at","LOC25911",-0.246785755882601,5.32781456953642,-2.81284028550397,0.00523457450193783,0.616751318724443,-2.23005032180829,417,TRUE,"Lower in AD"
"TREML4","11735915_a_at","LOC285852",0.190982351280919,4.23287748344371,2.81165254968475,0.00525343421612051,0.616751318724443,-2.23299585350574,418,TRUE,"Higher in AD"
"IFITM2","11757436_x_at","LOC10581",0.0415193432710428,12.1824933774834,2.81086534360808,0.00526596800515457,0.616751318724443,-2.23494744250906,419,TRUE,"Higher in AD"
"CDHR1","11762000_at","LOC92211",0.0772204454379818,2.16831456953642,2.81035404094332,0.0052741234336342,0.616751318724443,-2.236214753852,420,TRUE,"Higher in AD"
"KAZN","11719884_s_at","LOC23254",0.226880707695592,3.51070529801324,2.81024996941328,0.00527578480903145,0.616751318724443,-2.23647267819765,421,TRUE,"Higher in AD"
"CD63","11757417_x_at","LOC967",0.0690549401722627,10.7154834437086,2.80900269962429,0.00529573295385703,0.616751318724443,-2.23956313197427,422,TRUE,"Higher in AD"
"BLNK","11728530_a_at","LOC29760",-0.229447519780664,6.89596688741722,-2.80891771751758,0.00529709459899363,0.616751318724443,-2.23977365139241,423,TRUE,"Lower in AD"
"IGF2R","11753961_a_at","LOC3482",0.219719901172441,6.64809602649007,2.80770739731674,0.00531652175453771,0.616751318724443,-2.24277122901536,424,TRUE,"Higher in AD"
"CNOT8","11746336_a_at","LOC9337",0.0847893126693108,6.62627152317881,2.80716271209352,0.00532528571741415,0.616751318724443,-2.24411984299705,425,TRUE,"Higher in AD"
"","11760722_at","",0.0925681831653536,2.42620529801325,2.80645762248676,0.00533665005329827,0.616751318724443,-2.24586524364649,426,TRUE,"Higher in AD"
"PGS1","11724793_s_at","LOC9489",0.132062712380672,8.87617218543046,2.80354169930277,0.00538388177678837,0.616751318724443,-2.25307901550224,427,TRUE,"Higher in AD"
"RGL2","11748487_a_at","LOC5863",0.141753003051558,4.67996026490066,2.80309156827507,0.00539120664177246,0.616751318724443,-2.25419197468394,428,TRUE,"Higher in AD"
"GLT1D1","11722945_a_at","LOC144423",0.15607347110857,9.56372185430464,2.80261362303029,0.0053989940177488,0.616751318724443,-2.25537352049599,429,TRUE,"Higher in AD"
"OGN","11742820_s_at","LOC4969",0.0597928074406182,2.05385430463576,2.80239104533634,0.00540262405812974,0.616751318724443,-2.25592369799405,430,TRUE,"Higher in AD"
"MYBPC3","11725151_at","LOC4607",0.183542182289258,5.31264569536424,2.80100891144887,0.00542521502609636,0.616751318724443,-2.25933919499287,431,TRUE,"Higher in AD"
"FCGR3A || FCGR3B","11733005_at","LOC2215",0.0836826000144468,11.5844304635762,2.79995182646404,0.00544255087819273,0.616751318724443,-2.26195036522016,432,TRUE,"Higher in AD"
"WDR27","11755793_a_at","LOC253769",-0.151984396835351,3.45257284768212,-2.79965889618821,0.0054473637251746,0.616751318724443,-2.26267378554333,433,TRUE,"Lower in AD"
"KCNJ15","11732455_at","LOC3772",0.178671784159179,9.93138741721854,2.79881695880749,0.0054612182690527,0.616751318724443,-2.264752635431,434,TRUE,"Higher in AD"
"BASP1","11757817_s_at","LOC10409",0.0449953388875319,12.2057317880795,2.79855302423393,0.00546556803471818,0.616751318724443,-2.2654042017421,435,TRUE,"Higher in AD"
"SKAP2","11749275_a_at","LOC8935",0.194876483155208,6.21080794701987,2.79854153831638,0.0054657573993751,0.616751318724443,-2.26543255531913,436,TRUE,"Higher in AD"
"RMND5A","11751446_a_at","LOC64795",-0.166873893640893,7.01654966887417,-2.79812906058841,0.00547256173408786,0.616751318724443,-2.26645070494222,437,TRUE,"Lower in AD"
"DNAJC4","11759530_s_at","LOC3338",-0.0653749798232756,2.35380132450331,-2.79688697183564,0.00549309797305823,0.616751318724443,-2.26951578970556,438,TRUE,"Lower in AD"
"ZNF630","11746268_a_at","LOC57232",0.137390609667999,2.45055298013245,2.79678131133175,0.00549484814714255,0.616751318724443,-2.26977646732734,439,TRUE,"Higher in AD"
"RFPL3 || RFPL2","11734460_s_at","",0.205883082772213,3.49074834437086,2.7957111399458,0.00551260312995409,0.616751318724443,-2.27241618936783,440,TRUE,"Higher in AD"
"GLRX5","11721675_x_at","LOC51218",-0.272678572450765,9.30701324503311,-2.79533615899859,0.00551883665850932,0.616751318724443,-2.27334090475491,441,TRUE,"Lower in AD"
"CXCR1","11751323_a_at","LOC3577",0.151317416136381,9.51717880794702,2.79527429903278,0.00551986560718025,0.616751318724443,-2.27349344221691,442,TRUE,"Higher in AD"
"ENSA","11758186_s_at","LOC2029",-0.194098381257633,5.47933443708609,-2.79289363850462,0.00555959680428173,0.618936070514303,-2.27936137458482,443,TRUE,"Lower in AD"
"NMI","11718158_a_at","LOC9111",0.134352478215406,8.4731059602649,2.79260185801357,0.00556448417179668,0.618936070514303,-2.28008024018492,444,TRUE,"Higher in AD"
"FCGR2A","11724769_x_at","LOC2212",0.0848969648263695,10.826738410596,2.7911316649301,0.0055891694561521,0.619445946630903,-2.2837013060514,445,TRUE,"Higher in AD"
"TLN2","11724566_a_at","LOC83660",-0.0746929186887947,3.07664569536424,-2.79072375242216,0.00559603608903498,0.619445946630903,-2.28470566994744,446,TRUE,"Lower in AD"
"NCF2","11741153_a_at","LOC4688",0.104117153716785,10.6071589403974,2.78881945477048,0.00562819358062946,0.619445946630903,-2.28939260523579,447,TRUE,"Higher in AD"
"C17ORF82","11738243_at","LOC388407",0.0914707672837157,4.10546026490066,2.7874020246918,0.00565223810326839,0.619445946630903,-2.29287928042854,448,TRUE,"Higher in AD"
"PGM1","11748423_a_at","LOC5236",0.108146634668695,6.53815894039735,2.78712436559037,0.0056569590568441,0.619445946630903,-2.29356208597941,449,TRUE,"Higher in AD"
"PGLYRP1","11732642_at","LOC8993",0.274877468604687,6.7023642384106,2.78690997082186,0.00566060679157404,0.619445946630903,-2.29408927104826,450,TRUE,"Higher in AD"
"STEAP4","11720008_a_at","LOC79689",0.223351190015562,7.75793377483444,2.78675347332581,0.00566327080233004,0.619445946630903,-2.29447406568801,451,TRUE,"Higher in AD"
"TLR8","11726948_at","LOC51311",0.155225701815149,8.73862251655629,2.78639297796693,0.00566941173363237,0.619445946630903,-2.2953603707805,452,TRUE,"Higher in AD"
"RFWD2","11758554_s_at","LOC64326",0.0758409866489992,9.6376821192053,2.78521586182384,0.00568950561613024,0.620225900211872,-2.29825364556491,453,TRUE,"Higher in AD"
"ABCG1","11750659_a_at","LOC9619",0.190263412759595,6.0007119205298,2.78450522914475,0.00570166765269894,0.620225900211872,-2.29999977533509,454,TRUE,"Higher in AD"
"STAT5B","11720229_a_at","LOC6777",0.193555654955359,6.34767218543046,2.78285222765505,0.00573004895558177,0.621943291693102,-2.30405981652789,455,TRUE,"Higher in AD"
"SMAD4","11750827_a_at","LOC4089",0.103399513388749,2.59309602649007,2.78205732183962,0.00574374267556938,0.622062446876468,-2.30601142380183,456,TRUE,"Higher in AD"
"NAIP","11736898_s_at","LOC4671",0.197129496602544,8.99957947019868,2.78016072300871,0.00577653497089601,0.623023340435706,-2.310665716923,457,TRUE,"Higher in AD"
"NXPE2","11742275_at","LOC120406",-0.055617313947262,2.07783774834437,-2.77939098964682,0.0057898920323902,0.623023340435706,-2.31255380310861,458,TRUE,"Lower in AD"
"PROK2","11732808_a_at","LOC60675",0.258894257663302,5.61916225165563,2.77935822988054,0.00579046112784978,0.623023340435706,-2.31263414888699,459,TRUE,"Higher in AD"
"NMI","11718159_at","LOC9111",0.116798881547144,9.48648344370861,2.77704637512247,0.00583075039330065,0.625834314727863,-2.3183018858643,460,TRUE,"Higher in AD"
"MME","11755860_a_at","LOC4311",0.242621609477162,6.98286754966887,2.77640736485796,0.00584193129813196,0.625834314727863,-2.31986769554126,461,TRUE,"Higher in AD"
"UBXN2B","11719878_at","LOC137886",0.133144607945965,8.56127814569536,2.77364892377453,0.00589041959587248,0.629662905112031,-2.32662298075797,462,TRUE,"Higher in AD"
"WDFY3","11743469_a_at","LOC23001",0.234098464072161,7.12158609271523,2.77200947108584,0.00591941058143929,0.629839064111046,-2.33063491214928,463,TRUE,"Higher in AD"
"TXNRD1","11750416_a_at","LOC7296",0.147299647358406,3.87690728476821,2.77189060666776,0.00592151751666272,0.629839064111046,-2.33092570003675,464,TRUE,"Higher in AD"
