config,epoch,train_loss,train_auc,train_balanced_accuracy,validation_auc,validation_balanced_accuracy,generalization_gap,selection_score
mlp_64_do020_wd001_lr0003,1,0.3117951842791894,0.9968982947936708,0.9917428071895186,0.9063239494084047,0.8208078335373317,0.261509319037453,1.6879053850901182
mlp_64_do020_wd001_lr0003,2,0.10469692813999512,0.9968251413689931,0.9950054499301384,0.9060791513667891,0.8285597715218278,0.25719166841051466,1.69606017262704
mlp_64_do020_wd001_lr0003,3,0.06955792952109785,0.9969458445197111,0.9950054499301384,0.907874337005304,0.8285597715218278,0.25551718592271777,1.6981065306387242
mlp_64_do020_wd001_lr0003,4,0.05805439151385251,0.9970482593142598,0.9950054499301384,0.9103223174214605,0.8285597715218278,0.25317162030110985,1.700906345898122
mlp_64_do020_wd001_lr0003,5,0.054190107785603576,0.9970994667115342,0.9950054499301384,0.9120359037127703,0.8285597715218278,0.2515092414070744,1.702869289023537
mlp_64_do020_wd001_lr0003,6,0.04597381929702619,0.9971506741088083,0.9950054499301384,0.9138310893512852,0.8285597715218278,0.2497652631658337,1.7049260713982382
mlp_64_do020_wd001_lr0003,7,0.04325036430621848,0.9971616471225101,0.9950054499301384,0.9139942880456956,0.8285597715218278,0.2496130374851251,1.7051121039447548
mlp_64_do020_wd001_lr0003,8,0.03820429819033427,0.9972128545197844,0.9950054499301384,0.9161158710730314,0.8285597715218278,0.24754266185506357,1.7075442433165995
mlp_64_do020_wd001_lr0003,9,0.03717323666548028,0.9972384582184215,0.9950054499301384,0.9187270501835986,0.8285597715218278,0.24495708644313352,1.7105432587389562
mlp_64_do020_wd001_lr0003,10,0.035055467091939026,0.9972933232869297,0.9950054499301384,0.9197062423500613,0.8285597715218278,0.24403275934517898,1.7116610999701123
mlp_64_do020_wd001_lr0003,11,0.03331715109593728,0.99734087301297,0.9950054499301384,0.9205222358221133,0.8285597715218278,0.24326431559916728,1.712592360004066
mlp_64_do020_wd001_lr0003,12,0.03220700061715701,0.9976042253418093,0.9950054499301384,0.9217462260301917,0.8285597715218278,0.2423036777199281,1.7139604458940305
mlp_64_do020_wd001_lr0003,13,0.02679655092823155,0.9977724782185677,0.9950054499301384,0.9223990208078335,0.8285597715218278,0.2418191358190448,1.7146859219568045
mlp_64_do020_wd001_lr0003,14,0.027888633858631637,0.997948046437794,0.9950054499301384,0.9237046103631171,0.8285597715218278,0.24068911448298747,1.7161610147124966
mlp_64_do020_wd001_lr0003,15,0.02614002674818039,0.9980211998624716,0.9950054499301384,0.9245206038351693,0.8285597715218278,0.2399462744356129,1.7170884341916552
mlp_64_do020_wd001_lr0003,16,0.03165298108668888,0.9981455606844234,0.9950054499301384,0.9263157894736842,0.8285597715218278,0.23827544961904978,1.7191342435526544
mlp_64_do020_wd001_lr0003,17,0.026559209615430412,0.9984454897256014,0.9950054499301384,0.9259077927376581,0.8390860873113015,0.2284570596067802,1.7307253211079425
mlp_64_do020_wd001_lr0003,18,0.02326222903588239,0.9984491473968353,0.9950054499301384,0.9261933904528764,0.8390860873113015,0.2281751195627958,1.7310532098297586
mlp_64_do020_wd001_lr0003,19,0.023942142177154038,0.9985369315064485,0.9950054499301384,0.9271317829457365,0.8390860873113015,0.22732451117954888,1.732119193580106
mlp_64_do020_wd001_lr0003,20,0.022442305186653837,0.9985735082187872,0.9950054499301384,0.9274581803345573,0.8443492452060384,0.22177153260832994,1.738541695649346
mlp_64_do020_wd001_lr0003,21,0.022666667752406177,0.9986100849311261,0.9950054499301384,0.9278661770705834,0.8443492452060384,0.22140011258464276,1.7390054053889255
mlp_64_do020_wd001_lr0003,22,0.023712885538663936,0.9986686076708681,0.9961265261633223,0.9272133822929417,0.8443492452060384,0.2232325063352103,1.7380777515486987
mlp_64_do020_wd001_lr0003,23,0.021801998510080224,0.9987381034243118,0.9961265261633223,0.9273765809873521,0.8443492452060384,0.22313880339424363,1.738255005684254
mlp_64_do020_wd001_lr0003,24,0.02281375223880305,0.998880752602433,0.9961265261633223,0.9283557731538148,0.8443492452060384,0.22230226040590217,1.7393596792989678
mlp_64_do020_wd001_lr0003,25,0.01995537761489258,0.9989283023284736,0.9972476023965062,0.9276213790289677,0.8457364341085272,0.222818091587485,1.7399350993993723
mlp_64_do020_wd001_lr0003,26,0.02530560894485782,0.9988624642462637,0.9972476023965062,0.9234598123215013,0.8457364341085272,0.22691382021274142,1.735159173398117
mlp_64_do020_wd001_lr0003,27,0.021466443506891236,0.9990563208216592,0.9972476023965062,0.927702978376173,0.8457364341085272,0.22286451073346525,1.7400097358746804
mlp_64_do020_wd001_lr0003,28,0.01800545521409196,0.9990490054791915,0.9972476023965062,0.9247654018767849,0.850999592003264,0.2205316139956488,1.7426852517807017
mlp_64_do020_wd001_lr0003,29,0.019974409164313006,0.9990563208216593,0.9972476023965062,0.9215014279885761,0.850999592003264,0.22380290322632534,1.7389305845078915
mlp_64_do020_wd001_lr0003,30,0.016776747782440746,0.9990599784928932,0.9972476023965062,0.9205222358221135,0.850999592003264,0.22478575306402193,1.7378039648657742
mlp_64_do020_wd001_lr0003,31,0.018278952934505308,0.999155077944974,0.9972476023965062,0.9208486332109344,0.850999592003264,0.2245544551272819,1.738165056945106
mlp_64_do020_wd001_lr0003,32,0.024210246553754106,0.9991002128764659,0.9972476023965062,0.9181558547531621,0.850999592003264,0.227192368516546,1.735076591478944
mlp_64_do020_wd001_lr0003,33,0.017195755067993614,0.999305042465563,0.9972476023965062,0.9233782129742963,0.847123623011016,0.22605080887675688,1.736594214653799
mlp_64_do020_wd001_lr0003,34,0.017025727422579247,0.9992538350682888,0.9972476023965062,0.9172582619339045,0.847123623011016,0.2321195525198746,1.7295639520669392
mlp_64_do020_wd001_lr0003,35,0.016509194447494605,0.999305042465563,0.9972476023965062,0.9189718482252142,0.8523867809057528,0.2251940157311022,1.7375795267713017
mlp_64_do020_wd001_lr0003,36,0.018417626071502182,0.9993635652053051,0.9972476023965062,0.9197062423500613,0.8523867809057528,0.22451814434599726,1.7384153016039146
mlp_64_do020_wd001_lr0003,37,0.01643731158829349,0.9993269884929663,0.9972476023965062,0.9156262749898,0.8523867809057528,0.22856153499391973,1.733728825646465
mlp_64_do020_wd001_lr0003,38,0.016335197560050908,0.9993233308217324,0.9972476023965062,0.9131782945736435,0.8523867809057528,0.2310058577388423,1.73091419681857
mlp_64_do020_wd001_lr0003,39,0.016335052533951754,0.9993489345203695,0.9972476023965062,0.9126886984904121,0.8523867809057528,0.23152105752071084,1.7303473207680584
mlp_64_do020_wd001_lr0003,40,0.01869742583264323,0.9994184302738134,0.9972476023965062,0.9143206854345165,0.8523867809057528,0.2299585663300503,1.7322136813907618
mlp_64_do020_wd001_lr0003,41,0.017288461163201752,0.9994330609587487,0.9972476023965062,0.9110567115463076,0.8523867809057528,0.2332371709031945,1.7284579168165815
mlp_64_do020_wd001_lr0003,42,0.017248112119405586,0.9994440339724504,0.9972476023965062,0.9099959200326396,0.8523867809057528,0.2343089354305642,1.7272363606238077
mlp_64_do020_wd001_lr0003,43,0.01660048746613457,0.9995062143834264,0.9972476023965062,0.91374949000408,0.8523867809057528,0.23061754587009975,1.7315436390293177
mlp_64_do020_wd001_lr0003,44,0.016259379534269956,0.9994732953423215,0.9972476023965062,0.9101591187270501,0.8523867809057528,0.23417499810602482,1.7274196499168992
mlp_64_do020_wd001_lr0003,45,0.017403742024565443,0.9995281604108296,0.9972476023965062,0.9123623011015911,0.8523867809057528,0.2320266807999919,1.7299450798873452
mlp_64_do020_wd001_lr0003,46,0.015798869761912263,0.9995391334245313,0.9972476023965062,0.907874337005304,0.8523867809057528,0.23652561790998072,1.7247822752245596
mlp_64_do020_wd001_lr0003,47,0.013435034067643917,0.9995647371231684,0.9972476023965062,0.9099959200326397,0.8523867809057528,0.23442963858128207,1.7272182551512003
mlp_64_do020_wd001_lr0003,48,0.014801261850687511,0.9995793678081039,0.9972476023965062,0.910077519379845,0.8523867809057528,0.23436266991901222,1.7273098997977459
mlp_64_do020_wd001_lr0003,49,0.014277743956293254,0.9995720524656362,0.9972476023965062,0.9085271317829459,0.8523867809057528,0.23590574217344373,1.7255280513626823
mlp_64_do020_wd001_lr0003,50,0.015110613586490644,0.9995683947944023,0.9972476023965062,0.90640554875561,0.8523867809057528,0.23802366752954573,1.723088779531931
mlp_64_do020_wd001_lr0003,51,0.01341644165051334,0.9995866831505715,0.9972476023965062,0.9104039167686659,0.8523867809057528,0.234043587872659,1.72768415949352
mlp_64_do020_wd001_lr0003,52,0.01817559156402507,0.9995976561642733,0.9972476023965062,0.9129334965320277,0.8523867809057528,0.23152498112299902,1.7305915302693307
mlp_64_do020_wd001_lr0003,53,0.016263454892289114,0.9995391334245313,0.9972476023965062,0.9025703794369646,0.8523867809057528,0.24182957547832007,1.7186827240209694
mlp_64_do020_wd001_lr0003,54,0.013834691305151758,0.9995793678081039,0.9972476023965062,0.908608731130151,0.8523867809057528,0.23583145816870632,1.7256207933105978
mlp_64_do020_wd001_lr0003,55,0.01732774530811345,0.9995757101368701,0.9980632630816612,0.906487148102815,0.8523867809057528,0.23876504420996336,1.7230591723770732
mlp_64_do020_wd001_lr0003,56,0.014764845097327934,0.9996159445204428,0.9972476023965062,0.9135862913096695,0.8523867809057528,0.23089047470152668,1.7313395010101933
mlp_64_do020_wd001_lr0003,57,0.02093750750645995,0.9996525212327815,0.9972476023965062,0.9149734802121583,0.847123623011016,0.23480302040611345,1.7268766501622572
mlp_64_do020_wd001_lr0003,58,0.0157229120240492,0.999637890547846,0.9972476023965062,0.9060791513667891,0.8523867809057528,0.23841956067181036,1.7227029981717705
mlp_64_do020_wd001_lr0003,59,0.015505818581646857,0.9996013138355072,0.9980632630816612,0.902733578131375,0.847123623011016,0.2478073757747774,1.7126860947761744
mlp_64_do020_wd001_lr0003,60,0.015537190675625907,0.9996854402738864,0.9972476023965062,0.9108935128518971,0.847123623011016,0.23891590680747954,1.7221797498417912
mlp_64_do020_wd001_lr0003,61,0.014153975418166202,0.9997110439725235,0.9972476023965062,0.9121175030599755,0.847123623011016,0.23771752029803828,1.7235834980262856
mlp_64_do020_wd001_lr0003,62,0.01329237617114011,0.9997147016437574,0.9972476023965062,0.9095063239494084,0.8418604651162791,0.2455955149745761,1.714527461819501
mlp_64_do020_wd001_lr0003,63,0.015393312965684077,0.9997256746574591,0.9972476023965062,0.9083639330885351,0.8418604651162791,0.2467488788491511,1.7132120663774415
mlp_64_do020_wd001_lr0003,64,0.015115955378860235,0.9997183593149913,0.9980632630816612,0.907955936352509,0.8418604651162791,0.24796522092786433,1.7126216183296084
mlp_64_do020_wd001_lr0003,65,0.013637177413329482,0.999700070958822,0.9980632630816612,0.904936760505916,0.8418604651162791,0.25096610841828804,1.7091523093594518
mlp_64_do020_wd001_lr0003,66,0.014848856926512192,0.9997256746574591,0.9972476023965062,0.9081191350469195,0.8418604651162791,0.24699367689076668,1.7129305486295836
mlp_64_do020_wd001_lr0003,67,0.014586820020614302,0.9997403053423947,0.9980632630816612,0.9100775193798449,0.8418604651162791,0.24586558392793179,1.7150581469069344
mlp_64_do020_wd001_lr0003,68,0.013147799585781553,0.9997147016437574,0.9980632630816612,0.9055079559363525,0.8418604651162791,0.250409543672787,1.7098069895017136
mlp_64_do020_wd001_lr0003,69,0.013967106242061537,0.999729332328693,0.9980632630816612,0.909424724602203,0.8418604651162791,0.24650740569187202,1.7143090788647013
mlp_64_do020_wd001_lr0003,70,0.015684161376317635,0.9997549360273301,0.9980632630816612,0.9106487148102814,0.8418604651162791,0.24530901918243075,1.715712827049196
mlp_64_do020_wd001_lr0003,71,0.015488397186238538,0.9997549360273301,0.9980632630816612,0.9077927376580988,0.8418604651162791,0.24816499633461342,1.7124284533241858
mlp_64_do020_wd001_lr0003,72,0.01447880147572826,0.9997622513697978,0.9980632630816612,0.9113015095879232,0.8418604651162791,0.24466353974725663,1.7164624437421137
mlp_64_do020_wd001_lr0003,73,0.018600747126209384,0.9997659090410317,0.9980632630816612,0.9083639330885352,0.8418604651162791,0.2476047739178785,1.7130836821171325
mlp_64_do020_wd001_lr0003,74,0.013885004952659501,0.999758593698564,0.9980632630816612,0.9127702978376173,0.8418604651162791,0.24319109382632875,1.718152098879947
mlp_64_do020_wd001_lr0003,75,0.013373799978152794,0.9997695667122656,0.9980632630816612,0.9113831089351285,0.8418604651162791,0.2445892557425191,1.7165551856900298
mlp_64_do020_wd001_lr0003,76,0.014532931669450858,0.9997768820547334,0.9980632630816612,0.9086903304773561,0.8418604651162791,0.24728934954275927,1.7134573931622215
mlp_64_do020_wd001_lr0003,77,0.013853694106835653,0.9997878550684349,0.9980632630816612,0.9042839657282742,0.8418604651162791,0.2517066873055428,1.7083884277487218
mlp_64_do020_wd001_lr0003,78,0.014442527666687965,0.999787855068435,0.9980632630816612,0.9015911872705018,0.8418604651162791,0.2543994657633153,1.7052917325222836
mlp_64_do020_wd001_lr0003,79,0.014377492274541189,0.9997915127396689,0.9980632630816612,0.8949816401468789,0.8418604651162791,0.2610126705581721,1.6976902046794322
mlp_64_do020_wd001_lr0003,80,0.013035772628534366,0.9997988280821366,0.9980632630816612,0.8944104447164424,0.8418604651162791,0.2615911813310763,1.69703223263306
mlp_64_do020_wd001_lr0003,81,0.014146326233030242,0.9997988280821366,0.9980632630816612,0.8922888616891065,0.8418604651162791,0.2637127643584122,1.6945924121516238
mlp_64_do020_wd001_lr0003,82,0.014398865771534689,0.9997951704109027,0.9980632630816612,0.8922072623419012,0.8418604651162791,0.2637907060343836,1.6944991215530227
mlp_64_do020_wd001_lr0003,83,0.012599148623207036,0.9997988280821366,0.9980632630816612,0.8943288453692371,0.8418604651162791,0.2616727806782816,1.6969383933837738
mlp_64_do020_wd001_lr0003,84,0.01311383764122558,0.9997988280821366,0.9980632630816612,0.8935944512443901,0.8418604651162791,0.2624071748031286,1.6960938401402
mlp_64_do020_wd001_lr0003,85,0.016206043169778937,0.9998024857533705,0.9980632630816612,0.8955528355773155,0.8418604651162791,0.2604524481414371,1.698345433472379
mlp_64_do020_wd001_lr0003,86,0.01551820884239586,0.9998098010958383,0.9980632630816612,0.8915952672378621,0.8418604651162791,0.26441733182335825,1.6937931325806372
mlp_64_do020_wd001_lr0003,87,0.013890772147158928,0.9998098010958383,0.9980632630816612,0.8905752753977968,0.8418604651162791,0.26543732366342354,1.6926201419645626
mlp_64_do020_wd001_lr0003,88,0.014489910941954483,0.9998171164383061,0.9980632630816612,0.8950632394940841,0.8418604651162791,0.26095667490960406,1.6977802033739227
mlp_64_do020_wd001_lr0003,89,0.014238126774537651,0.9998171164383061,0.9980632630816612,0.8975928192574459,0.8418604651162791,0.2584270951462422,1.700689220101789
mlp_64_do020_wd001_lr0003,90,0.014359613058759886,0.9998171164383061,0.9980632630816612,0.8929416564667483,0.8432476540187679,0.26169106903445105,1.6969356501303485
mlp_64_do020_wd001_lr0003,91,0.01454718699952697,0.99982077410954,0.9980632630816612,0.8903304773561811,0.847123623011016,0.26042993682400406,1.6983896098435964
mlp_64_do020_wd001_lr0003,92,0.01316479590776212,0.9998244317807738,0.9980632630816612,0.8916360669114648,0.8418604651162791,0.2643911628346911,1.6938378576025401
mlp_64_do020_wd001_lr0003,93,0.014472036088323769,0.9998171164383061,0.9980632630816612,0.9017543859649123,0.8432476540187679,0.252878339536287,1.7070702890532372
mlp_64_do020_wd001_lr0003,94,0.013929304892799872,0.9998171164383061,0.9980632630816612,0.8978376172990616,0.8432476540187679,0.2567951082021377,1.7025660050875089
mlp_64_do020_wd001_lr0003,95,0.015112065381425269,0.9998244317807738,0.9980632630816612,0.8947368421052632,0.8432476540187679,0.25990319873840395,1.6989990163132707
mlp_64_do020_wd001_lr0003,96,0.01458740861648146,0.9998244317807738,0.9980632630816612,0.893186454508364,0.8432476540187679,0.26145358633530313,1.6972160705768362
mlp_64_do020_wd001_lr0003,97,0.014199161977397607,0.9998354047944755,0.9980632630816612,0.8926152590779273,0.8418604651162791,0.2634229436819303,1.6949622826419168
mlp_64_do020_wd001_lr0003,98,0.01714692004572819,0.9998390624657094,0.9980632630816612,0.8989800081599347,0.8418604651162791,0.25706185227115674,1.7022811954355401
mlp_64_do035_wd002_lr0003,1,0.32074299191727357,0.9969056101361385,0.9917428071895186,0.9063239494084047,0.8208078335373317,0.2615166343799208,1.687904287788748
mlp_64_do035_wd002_lr0003,2,0.11045843713423785,0.9968544027388642,0.9950054499301384,0.9058343533251734,0.8285597715218278,0.2574657278220014,1.695774265673701
mlp_64_do035_wd002_lr0003,3,0.07480161900029463,0.9969348715060096,0.9950054499301384,0.9077111383108935,0.8285597715218278,0.2556694116034267,1.6979204980922074
mlp_64_do035_wd002_lr0003,4,0.06223732408355264,0.9970775206841308,0.9950054499301384,0.9099959200326397,0.8285597715218278,0.25352727905980166,1.7005265996954972
mlp_64_do035_wd002_lr0003,5,0.058261454543646646,0.9970958090403002,0.9950054499301384,0.9119543043655651,0.8285597715218278,0.2515871830830456,1.702775998424936
mlp_64_do035_wd002_lr0003,6,0.050132693284574675,0.9971726201362117,0.9950054499301384,0.9132598939208486,0.8285597715218278,0.25035840462367365,1.7042659047491255
mlp_64_do035_wd002_lr0003,7,0.04710296256577268,0.9971726201362117,0.9950054499301384,0.91374949000408,0.8285597715218278,0.24986880854044224,1.7048289402448413
mlp_64_do035_wd002_lr0003,8,0.04012590350911898,0.9971982238348488,0.9950054499301384,0.9153814769481845,0.8285597715218278,0.2482624252949749,1.706701884675766
mlp_64_do035_wd002_lr0003,9,0.03925104329691214,0.9972494312321232,0.9950054499301384,0.9177478580171359,0.8285597715218278,0.2459472516232979,1.709415541795469
mlp_64_do035_wd002_lr0003,10,0.03620031421237132,0.9973079539718651,0.9950054499301384,0.9185638514891881,0.8285597715218278,0.24518978089098764,1.7103451558773677
mlp_64_do035_wd002_lr0003,11,0.037485267912202025,0.9973335576705024,0.9950054499301384,0.9199510403916769,0.8285597715218278,0.2438281956871361,1.7119365825604342
mlp_64_do035_wd002_lr0003,12,0.0350035751128898,0.9975932523281077,0.9950054499301384,0.9220726234190126,0.8285597715218278,0.24196630731740565,1.7143374488432297
mlp_64_do035_wd002_lr0003,13,0.028055713512003422,0.9977102978075918,0.9950054499301384,0.9217462260301917,0.8285597715218278,0.24240975018571065,1.713944535024163
mlp_64_do035_wd002_lr0003,14,0.029967503676957944,0.9978675776706486,0.9950054499301384,0.9226438188494492,0.8285597715218278,0.24166943722950995,1.7149531747868505
mlp_64_do035_wd002_lr0003,15,0.029012700488023898,0.9979882808213667,0.9950054499301384,0.9237046103631171,0.8285597715218278,0.24072934886656017,1.7161549795549609
mlp_64_do035_wd002_lr0003,16,0.0336373331682647,0.9981199569857864,0.9950054499301384,0.9256629946960424,0.8285597715218278,0.23890264069805456,1.718387370113162
mlp_64_do035_wd002_lr0003,17,0.028292744913521933,0.9984564627393031,0.9950054499301384,0.9250101999184006,0.8285597715218278,0.2398919412292131,1.7175861802558465
mlp_64_do035_wd002_lr0003,18,0.02494488623650635,0.9984820664379402,0.9950054499301384,0.9259893920848633,0.8338229294165647,0.23367519486665067,1.7247610422714303
mlp_64_do035_wd002_lr0003,19,0.027236091301721686,0.9985698505475533,0.9950054499301384,0.927702978376173,0.8390860873113015,0.2267862347902172,1.732771130468942
mlp_64_do035_wd002_lr0003,20,0.026176556123091894,0.9986430039722309,0.9950054499301384,0.9278661770705834,0.8390860873113015,0.22669618952048443,1.7329478359538122
mlp_64_do035_wd002_lr0003,21,0.024864649317939493,0.9986905536982713,0.9950054499301384,0.9277845777233782,0.8390860873113015,0.22682533859373,1.7328468642456203
mlp_64_do035_wd002_lr0003,22,0.025363356368068385,0.998763707122949,0.9950054499301384,0.9275397796817625,0.8443492452060384,0.22188013216528657,1.738607005063008
mlp_64_do035_wd002_lr0003,23,0.024980885962791303,0.9988039415065215,0.9950054499301384,0.9270501835985312,0.8443492452060384,0.22240996263209034,1.738037934409756
mlp_64_do035_wd002_lr0003,24,0.02264738011666957,0.9988734372599652,0.9950054499301384,0.9286005711954305,0.8443492452060384,0.22092907078863477,1.7398104557831735
mlp_64_do035_wd002_lr0003,25,0.021729851607233286,0.9988734372599652,0.9961265261633223,0.9278661770705835,0.8443492452060384,0.22278454114666568,1.7387977411046218
mlp_64_do035_wd002_lr0003,26,0.029310626196948922,0.9988405182188604,0.9972476023965062,0.9254997960016319,0.8457364341085272,0.2248518905052076,1.7375084465343777
mlp_64_do035_wd002_lr0003,27,0.02354709174045745,0.9990124287668527,0.9972476023965062,0.927702978376173,0.8457364341085272,0.22282061867865877,1.7400163196829013
mlp_64_do035_wd002_lr0003,28,0.017288151416270173,0.9989904827394493,0.9972476023965062,0.9259893920848633,0.8457364341085272,0.2245122589425651,1.7380489873520057
mlp_64_do035_wd002_lr0003,29,0.02209030538249542,0.9990197441093205,0.9972476023965062,0.9265605875152999,0.8457364341085272,0.22397032488199964,1.7387014728915273
mlp_64_do035_wd002_lr0003,30,0.01808438992456478,0.9990563208216593,0.9972476023965062,0.9253365973072215,0.8457364341085272,0.22523089180241684,1.7372883976453861
mlp_64_do035_wd002_lr0003,31,0.019765810986213824,0.9991038705476998,0.9972476023965062,0.9228886168910647,0.8457364341085272,0.22772642194461412,1.7344660877078997
mlp_64_do035_wd002_lr0003,32,0.025621034643229318,0.9990746091778288,0.9972476023965062,0.9204406364749081,0.8457364341085272,0.23014514099089967,1.7316552994348005
mlp_64_do035_wd002_lr0003,33,0.01919675601975006,0.9991953123285467,0.9972476023965062,0.9217462260301917,0.8457364341085272,0.22896025458633407,1.733138621950769
mlp_64_do035_wd002_lr0003,34,0.019386184073108083,0.9992026276710144,0.9972476023965062,0.9169318645450837,0.8418604651162791,0.23765790040615786,1.7231436446004391
mlp_64_do035_wd002_lr0003,35,0.01793600687318865,0.999272123424458,0.9972476023965062,0.9188902488780091,0.8523867809057528,0.22524269603720237,1.7374906253781814
mlp_64_do035_wd002_lr0003,36,0.020577027106328923,0.9993379615066679,0.9972476023965062,0.9214198286413708,0.8523867809057528,0.22277895435605044,1.740389766393716
mlp_64_do035_wd002_lr0003,37,0.01778566060752115,0.9993196731504985,0.9972476023965062,0.9170950632394941,0.8523867809057528,0.22708543140175785,1.7354190294349832
mlp_64_do035_wd002_lr0003,38,0.01750097534728839,0.9993562498628373,0.9972476023965062,0.9149734802121584,0.8523867809057528,0.22924359114143233,1.7329737224466966
mlp_64_do035_wd002_lr0003,39,0.017107065383564022,0.9993489345203697,0.9972476023965062,0.9130150958792331,0.847123623011016,0.2364578180266268,1.724670046186255
mlp_64_do035_wd002_lr0003,40,0.020597874091061598,0.9994074572601116,0.9972476023965062,0.9130966952264382,0.8418604651162791,0.2416978993139005,1.7187024754456324
mlp_64_do035_wd002_lr0003,41,0.017538309330120683,0.9994037995888777,0.9972476023965062,0.9109751121991023,0.847123623011016,0.23855266677526565,1.7223158351938284
mlp_64_do035_wd002_lr0003,42,0.019306015319136137,0.9994294032875148,0.9972476023965062,0.9085271317829458,0.847123623011016,0.24102625089005936,1.7194968171604528
mlp_64_do035_wd002_lr0003,43,0.017441079143763465,0.9994732953423214,0.9972476023965062,0.9157894736842106,0.847123623011016,0.2338078010436011,1.7278419265386864
mlp_64_do035_wd002_lr0003,44,0.01631081333000432,0.9994330609587487,0.9972476023965062,0.9136678906568748,0.8523867809057528,0.23062599179262733,1.7314607727937337
mlp_64_do035_wd002_lr0003,45,0.01768897323156981,0.9994769530135554,0.9972476023965062,0.9152998776009792,0.8523867809057528,0.22903789690332965,1.7333309739712326
mlp_64_do035_wd002_lr0003,46,0.015970366212594157,0.9994806106847892,0.9972476023965062,0.9130966952264382,0.8523867809057528,0.2312447369491044,1.7307967655898255
mlp_64_do035_wd002_lr0003,47,0.017014207071898615,0.999517187397128,0.9972476023965062,0.9164422684618523,0.8523867809057528,0.22793574042602915,1.7346386883037008
mlp_64_do035_wd002_lr0003,48,0.016399279113530237,0.9995354757532974,0.9972476023965062,0.9150550795593635,0.8523867809057528,0.2293412176846873,1.7330406778124132
mlp_64_do035_wd002_lr0003,49,0.015761497307240087,0.9995427910957652,0.9972476023965062,0.9119543043655651,0.8523867809057528,0.23244930822095344,1.729473689038175
mlp_64_do035_wd002_lr0003,50,0.016187711098395726,0.9995354757532974,0.9972476023965062,0.9109751121991024,0.8523867809057528,0.23342118504494835,1.728348715348113
mlp_64_do035_wd002_lr0003,51,0.014521325924707687,0.999546448766999,0.9972476023965062,0.9134230926152591,0.8523867809057528,0.23098417764249335,1.731162246874638
mlp_64_do035_wd002_lr0003,52,0.019938592251171085,0.9995793678081039,0.9972476023965062,0.9152182782537739,0.8523867809057528,0.22922191104508338,1.733221772502764
mlp_64_do035_wd002_lr0003,53,0.01800747081527815,0.9995427910957652,0.9972476023965062,0.9042023663810691,0.8523867809057528,0.24020124620544947,1.7205589603560043
mlp_64_do035_wd002_lr0003,54,0.015610768418649541,0.9995720524656362,0.9972476023965062,0.9073847409220727,0.8523867809057528,0.23704813303431693,1.724214301872678
mlp_64_do035_wd002_lr0003,55,0.01730345667558996,0.9995245027395958,0.9972476023965062,0.9040391676866585,0.8523867809057528,0.24034615654369074,1.720374025110858
mlp_64_do035_wd002_lr0003,56,0.014663823784383781,0.9995830254793378,0.9972476023965062,0.907221542227662,0.847123623011016,0.24248546263716597,1.7179723458431033
mlp_64_do035_wd002_lr0003,57,0.019603428499334875,0.9996159445204427,0.9972476023965062,0.9111383108935129,0.847123623011016,0.23860161301242,1.722471691952666
mlp_64_do035_wd002_lr0003,58,0.01596424851895255,0.999608629177975,0.9972476023965062,0.9059975520195839,0.8523867809057528,0.23847189864914453,1.722613548127965
mlp_64_do035_wd002_lr0003,59,0.01492548464140033,0.9995720524656362,0.9972476023965062,0.9038759689922482,0.8523867809057528,0.2405569049641414,1.7201792141533798
mlp_64_do035_wd002_lr0003,60,0.015954930773552728,0.9996305752053782,0.9972476023965062,0.9085271317829455,0.8523867809057528,0.23596426491318612,1.7255192729517204
mlp_64_do035_wd002_lr0003,61,0.015557315679924452,0.9996488635615477,0.9972476023965062,0.9091799265605875,0.8523867809057528,0.23532975849171356,1.7262672436925834
mlp_64_do035_wd002_lr0003,62,0.011778443873695591,0.9996561789040154,0.9972476023965062,0.9073031415748674,0.8523867809057528,0.23721385881990142,1.724107843657635
mlp_64_do035_wd002_lr0003,63,0.016424400471698714,0.9996927556163542,0.9972476023965062,0.9085271317829458,0.8523867809057528,0.23602644532416184,1.7255099458900742
mlp_64_do035_wd002_lr0003,64,0.015459321904927492,0.9996854402738864,0.9972476023965062,0.9091799265605875,0.847123623011016,0.24062949309878912,1.720209125606785
mlp_64_do035_wd002_lr0003,65,0.014385350938776837,0.9996561789040154,0.9972476023965062,0.9058343533251734,0.8523867809057528,0.2386826470695954,1.7224187371704869
mlp_64_do035_wd002_lr0003,66,0.015356610309990013,0.9996781249314186,0.9972476023965062,0.9085271317829458,0.8523867809057528,0.23601181463922627,1.7255121404928147
mlp_64_do035_wd002_lr0003,67,0.016473934835042146,0.999667151917717,0.9972476023965062,0.911219910240718,0.847123623011016,0.2385712210624893,1.7225578500923604
mlp_64_do035_wd002_lr0003,68,0.014088005347944358,0.9996488635615477,0.9980632630816612,0.9074663402692777,0.847123623011016,0.24312216336291514,1.7181216387758564
mlp_64_do035_wd002_lr0003,69,0.014288500348544297,0.9996781249314186,0.9980632630816612,0.9118727050183598,0.847123623011016,0.238745059983704,1.7231845690318204
mlp_64_do035_wd002_lr0003,70,0.018459278035580236,0.9997147016437574,0.9980632630816612,0.9143206854345165,0.847123623011016,0.23633365627988612,1.7259942600035496
mlp_64_do035_wd002_lr0003,71,0.016372794942820772,0.9997000709588219,0.9980632630816612,0.9094247246022031,0.847123623011016,0.2412149864272639,1.7203660996491295
mlp_64_do035_wd002_lr0003,72,0.016048193744876805,0.999729332328693,0.9980632630816612,0.9126886984904121,0.847123623011016,0.23798027390892607,1.7241152804150892
mlp_64_do035_wd002_lr0003,73,0.020461006048957214,0.999729332328693,0.9980632630816612,0.9081191350469197,0.847123623011016,0.24254983735241853,1.7188602824550727
mlp_64_do035_wd002_lr0003,74,0.01470449533970917,0.9997439630136286,0.9980632630816612,0.9116279069767441,0.8418604651162791,0.2443188540022665,1.7168405439926833
mlp_64_do035_wd002_lr0003,75,0.014180428951102145,0.9997439630136286,0.9972476023965062,0.9113015095879233,0.8418604651162791,0.24382959070593235,1.7165875360983125
mlp_64_do035_wd002_lr0003,76,0.015048525296151638,0.9997585936985639,0.9972476023965062,0.910077519379845,0.8418604651162791,0.24506821159894598,1.7151777527562821
mlp_64_do035_wd002_lr0003,77,0.014326388098518638,0.9997659090410318,0.9980632630816612,0.9085271317829458,0.8418604651162791,0.2474415752234681,1.7132713606157046
mlp_64_do035_wd002_lr0003,78,0.014598116867572945,0.9997695667122656,0.9972476023965062,0.9086903304773561,0.847123623011016,0.2412032156203997,1.719633471145312
mlp_64_do035_wd002_lr0003,79,0.016081288059735122,0.9997695667122656,0.9972476023965062,0.9060791513667892,0.847123623011016,0.24381439473096667,1.71663061516816
mlp_64_do035_wd002_lr0003,80,0.014547734028276275,0.9997695667122656,0.9972476023965062,0.9066503467972257,0.8418604651162791,0.24850635719526704,1.7112348583342147
mlp_64_do035_wd002_lr0003,81,0.014436907874529852,0.9997732243834995,0.9980632630816612,0.9055895552835578,0.8418604651162791,0.25038646706532375,1.7098920503400383
mlp_64_do035_wd002_lr0003,82,0.014062073451521643,0.9997695667122656,0.9980632630816612,0.9075479396164832,0.847123623011016,0.2431612671664276,1.718197372552535
mlp_64_do035_wd002_lr0003,83,0.014149109648047564,0.9997695667122656,0.9980632630816612,0.9085271317829458,0.8418604651162791,0.24744523289470188,1.7132708119650195
mlp_64_do035_wd002_lr0003,84,0.01296109808198012,0.9997695667122656,0.9980632630816612,0.9062423500611995,0.8418604651162791,0.24973001461644817,1.7106433129850114
mlp_64_do035_wd002_lr0003,85,0.016048401368179303,0.9997732243834995,0.9980632630816612,0.9059159526723786,0.8418604651162791,0.25006006967650296,1.7102674073371822
mlp_64_do035_wd002_lr0003,86,0.01709252330885433,0.9997951704109027,0.9980632630816612,0.902733578131375,0.8418604651162791,0.25326439024490977,1.7066043847109176
mlp_64_do035_wd002_lr0003,87,0.014829311992370468,0.9997988280821366,0.9980632630816612,0.8988984088127295,0.8418604651162791,0.2571032172347891,1.7021933913437903
mlp_64_do035_wd002_lr0003,88,0.014813273104236406,0.9998024857533705,0.9972476023965062,0.9015095879232966,0.8418604651162791,0.253680035110301,1.7053180477730305
mlp_64_do035_wd002_lr0003,89,0.015943654908743853,0.9997951704109028,0.9980632630816612,0.90640554875561,0.8418604651162791,0.2495924196206749,1.7108271509287878
mlp_64_do035_wd002_lr0003,90,0.014136453487855546,0.9997988280821366,0.9980632630816612,0.9013871889024887,0.847123623011016,0.2493512792502931,1.7111081200259608
mlp_64_do035_wd002_lr0003,91,0.015190406640827218,0.9998024857533706,0.9980632630816612,0.8973480212158302,0.8418604651162791,0.2586572625029224,1.700409896956671
mlp_64_do035_wd002_lr0003,92,0.014136923477053642,0.9998024857533705,0.9980632630816612,0.8959608323133414,0.8418604651162791,0.2600444514054111,1.698814629718809
mlp_64_do035_wd002_lr0003,93,0.015288300264407606,0.999787855068435,0.9980632630816612,0.9092615259077927,0.8432476540187679,0.24534193822353556,1.7157078891930304
mlp_64_do035_wd002_lr0003,94,0.015082565375932437,0.9997841973972011,0.9980632630816612,0.9111383108935128,0.8432476540187679,0.2434614955665816,1.7178667405772936
mlp_64_do035_wd002_lr0003,95,0.01658756088684587,0.9997841973972011,0.9980632630816612,0.9111383108935128,0.8432476540187679,0.2434614955665816,1.7178667405772936
mlp_64_do035_wd002_lr0003,96,0.016570325351922828,0.999787855068435,0.9980632630816612,0.9077111383108936,0.847123623011016,0.24301635682818667,1.7183823077976814
mlp_64_do035_wd002_lr0003,97,0.013444024220328121,0.9998024857533705,0.9980632630816612,0.90640554875561,0.8418604651162791,0.24959973496314258,1.7108260536274176
mlp_64_do035_wd002_lr0003,98,0.01830120275125784,0.9998024857533705,0.9980632630816612,0.9095063239494084,0.8418604651162791,0.2464989597693441,1.7143919451002858
mlp_64_do035_wd002_lr0003,99,0.013827363700222443,0.9997915127396689,0.9980632630816612,0.9038759689922481,0.847123623011016,0.24685518381806604,1.713971314430554
mlp_64_do035_wd002_lr0003,100,0.015114057658459334,0.999787855068435,0.9980632630816612,0.9044471644226846,0.8418604651162791,0.2515434886111325,1.7085761062472937
mlp_64_do035_wd002_lr0003,101,0.014627859119654578,0.9997805397259674,0.9980632630816612,0.90640554875561,0.8418604651162791,0.24957778893573945,1.7108293455315282
mlp_64_do035_wd002_lr0003,102,0.015298946096342714,0.9997768820547335,0.9980632630816612,0.9084455324357406,0.8432476540187679,0.24614695868188619,1.7147711426522254
mlp_64_do035_wd002_lr0003,103,0.01450320051791256,0.9997841973972011,0.9980632630816612,0.9082823337413302,0.847123623011016,0.24244150372651618,1.7190397311933687
mlp_64_do035_wd002_lr0003,104,0.013799880576484343,0.9997951704109028,0.9980632630816612,0.9075479396164831,0.8418604651162791,0.24845002875980182,1.712140900418792
mlp_64_do035_wd002_lr0003,105,0.014928009840385878,0.9998061434246044,0.9980632630816612,0.9088535291717668,0.8418604651162791,0.24715541221821968,1.713640682455313
mlp_64_do035_wd002_lr0003,106,0.014722906155785656,0.9997951704109028,0.9980632630816612,0.9077927376580988,0.8418604651162791,0.24820523071818612,1.7124224181666499
mlp_128_do035_wd002_lr0002,1,0.397387040012023,0.9973737920540751,0.9950054499301384,0.871236230110159,0.8246838025295797,0.2964592093444747,1.6514511512380676
mlp_128_do035_wd002_lr0002,2,0.09840222294716273,0.9974286571225832,0.9950054499301384,0.8870665034679723,0.8246838025295797,0.28068380105516955,1.6696477358392767
mlp_128_do035_wd002_lr0002,3,0.06467791712459396,0.9975603332870028,0.9950054499301384,0.8883720930232558,0.8246838025295797,0.2795098876643056,1.67112941240319
mlp_128_do035_wd002_lr0002,4,0.049180644180844814,0.9976883517801887,0.9950054499301384,0.8895144838841289,0.8246838025295797,0.2784955152966184,1.6724239591192158
mlp_128_do035_wd002_lr0002,5,0.043200323686880225,0.9978346586295437,0.9950054499301384,0.8908200734394125,0.8246838025295797,0.27733623259068985,1.6739034410803888
mlp_128_do035_wd002_lr0002,6,0.04144417297314195,0.9980285152049393,0.9950054499301384,0.8921256629946961,0.8285597715218278,0.2723485306185538,1.6798331549237409
mlp_128_do035_wd002_lr0002,7,0.035236367627101785,0.9981821373967622,0.9950054499301384,0.8948184414524685,0.8285597715218278,0.2698093743526043,1.6829068068214057
mlp_128_do035_wd002_lr0002,8,0.0354804595494095,0.9982735791776092,0.9950054499301384,0.8954712362301103,0.8285597715218278,0.2692480213558095,1.6836438045485667
mlp_128_do035_wd002_lr0002,9,0.03108916590538095,0.9983723363009239,0.9950054499301384,0.8975928192574459,0.8285597715218278,0.2672251954517886,1.6860688114615057
mlp_128_do035_wd002_lr0002,10,0.03093491686398492,0.9984125706844966,0.9950054499301384,0.8982456140350877,0.8285597715218278,0.2666126350577195,1.6868134902982574
mlp_128_do035_wd002_lr0002,11,0.029221374158035305,0.998430859040666,0.9950054499301384,0.8993880048959609,0.8285597715218278,0.26548853255301563,1.6881244965348363
mlp_128_do035_wd002_lr0002,12,0.03206370836671661,0.9984637780817709,0.9950054499301384,0.9018359853121175,0.8285597715218278,0.263073471177964,1.6909347361572509
mlp_128_do035_wd002_lr0002,13,0.02686992013717399,0.9984857241091741,0.9950054499301384,0.901999184006528,0.8285597715218278,0.2629322185109567,1.6911191227517124
mlp_128_do035_wd002_lr0002,14,0.028396379394347176,0.998489381780408,0.9950054499301384,0.9037943696450428,0.8285597715218278,0.26114069054367584,1.6931830375853192
mlp_128_do035_wd002_lr0002,15,0.027011432849309024,0.9984710934242387,0.9950054499301384,0.9037943696450429,0.8285597715218278,0.2611224021875064,1.6931857808387447
mlp_128_do035_wd002_lr0002,16,0.027992568690987193,0.9984747510954726,0.9950054499301384,0.9057527539779682,0.8285597715218278,0.259167675525815,1.6954373741709237
mlp_128_do035_wd002_lr0002,17,0.024123251602491912,0.9984857241091741,0.9950054499301384,0.9080375356997145,0.8285597715218278,0.25689386681777027,1.6980632271988767
mlp_128_do035_wd002_lr0002,18,0.024286954143248937,0.9984930394516419,0.9950054499301384,0.9095063239494084,0.8285597715218278,0.25543239391054406,1.6997512363846545
mlp_128_do035_wd002_lr0002,19,0.024907443097189945,0.9985003547941097,0.9950054499301384,0.9101591187270502,0.8285597715218278,0.25478691447537005,1.7005008530775727
mlp_128_do035_wd002_lr0002,20,0.023193004650666434,0.9985076701365774,0.9950054499301384,0.9107303141574867,0.8285597715218278,0.25422303438740124,1.7011566305212042
mlp_128_do035_wd002_lr0002,21,0.026208494543371832,0.9985332738352146,0.9950054499301384,0.9125254997960017,0.8285597715218278,0.2524534524475235,1.703217253450701
mlp_128_do035_wd002_lr0002,22,0.021309584324412486,0.9985369315064484,0.9950054499301384,0.913015095879233,0.8285597715218278,0.251967514035526,1.7037797402957318
mlp_128_do035_wd002_lr0002,23,0.025176394922549233,0.9985588775338518,0.9950054499301384,0.9135046919624643,0.8285597715218278,0.25149986397969804,1.7043394838873374
mlp_128_do035_wd002_lr0002,24,0.02143959528492654,0.9985698505475533,0.9950054499301384,0.9144022847817218,0.8285597715218278,0.2506132441741421,1.7053700696774283
mlp_128_do035_wd002_lr0002,25,0.021590399966739556,0.9985844812324889,0.9950054499301384,0.9153814769481845,0.8338229294165647,0.24438552479787812,1.7125465776450675
mlp_128_do035_wd002_lr0002,26,0.02011309569591985,0.9985844812324889,0.9950054499301384,0.9154630762953897,0.8338229294165647,0.24430392545067292,1.7126404168943534
mlp_128_do035_wd002_lr0002,27,0.020823291612460333,0.9985771658900211,0.9950054499301384,0.9150550795593636,0.8338229294165647,0.24470460684423123,1.7121723179492936
mlp_128_do035_wd002_lr0002,28,0.022508416653555983,0.9985844812324889,0.9950054499301384,0.9156262749898001,0.8390860873113015,0.23887756886152567,1.7188807269718727
mlp_128_do035_wd002_lr0002,29,0.01952117232277113,0.9985844812324889,0.9950054499301384,0.9166870665034679,0.8390860873113015,0.2378167773478579,1.7201006372125907
mlp_128_do035_wd002_lr0002,30,0.018851515973972922,0.9985625352050856,0.9950054499301384,0.9157078743370053,0.8390860873113015,0.23877402348691723,1.7189778581252693
mlp_128_do035_wd002_lr0002,31,0.02058323978117722,0.9985735082187873,0.9950054499301384,0.916360669114647,0.8390860873113015,0.23813220172297722,1.7197269261675021
mlp_128_do035_wd002_lr0002,32,0.016672867993988535,0.998580823561255,0.9950054499301384,0.9183190534475724,0.8443492452060384,0.23091797483778265,1.7280306024279435
mlp_128_do035_wd002_lr0002,33,0.018840677173369947,0.9985698505475534,0.9950054499301384,0.9179110567115464,0.8443492452060384,0.23131499856010707,1.7275630521335685
mlp_128_do035_wd002_lr0002,34,0.024405955651994136,0.9985625352050855,0.9961265261633223,0.9167686658506733,0.8443492452060384,0.23357115031169617,1.7260822385099572
mlp_128_do035_wd002_lr0002,35,0.023596940808655584,0.9986356886297632,0.9961265261633223,0.9191350469196248,0.8443492452060384,0.2312779226674223,1.7287926037255499
mlp_128_do035_wd002_lr0002,36,0.020006861126817325,0.9986612923284003,0.9961265261633223,0.9177478580171358,0.8443492452060384,0.23269071526854845,1.727193495932892
mlp_128_do035_wd002_lr0002,37,0.01783653873238055,0.9986320309585293,0.9961265261633223,0.9165238678090574,0.8443492452060384,0.23388544410675582,1.7257902963990823
mlp_128_do035_wd002_lr0002,38,0.017181167981642133,0.9986649499996342,0.9972476023965062,0.9176662586699306,0.8443492452060384,0.23389704852017146,1.7269309465979432
mlp_128_do035_wd002_lr0002,39,0.017259808818754906,0.9986795806845699,0.9972476023965062,0.9184822521419829,0.8457364341085272,0.23170849683056605,1.7294624117259252
mlp_128_do035_wd002_lr0002,40,0.018253506668021575,0.998672265342102,0.9972476023965062,0.9167686658506732,0.8457364341085272,0.23341476777940784,1.7274928847922892
mlp_128_do035_wd002_lr0002,41,0.01850406763910809,0.9986868960270375,0.9972476023965062,0.9179926560587516,0.8457364341085272,0.232205408256265,1.728898278928839
mlp_128_do035_wd002_lr0002,42,0.01622624188552008,0.9987234727393763,0.9972476023965062,0.9180742554059568,0.850999592003264,0.22689722772666177,1.7350392632502214
mlp_128_do035_wd002_lr0002,43,0.018640085041303846,0.9987563917804811,0.9972476023965062,0.9179926560587516,0.850999592003264,0.22701174611497177,1.73494048614477
mlp_128_do035_wd002_lr0002,44,0.01720813548137598,0.9987198150681424,0.9972476023965062,0.9173398612811097,0.850999592003264,0.22762796418027498,1.7341952586573324
mlp_128_do035_wd002_lr0002,45,0.01737825439640266,0.9987490764380135,0.9972476023965062,0.9163606691146471,0.850999592003264,0.2286364177166086,1.7330647984604197
mlp_128_do035_wd002_lr0002,46,0.01861418889123289,0.9987637071229489,0.9972476023965062,0.9149734802121582,0.850999592003264,0.23003823730403294,1.7314673366198174
mlp_128_do035_wd002_lr0002,47,0.016829613103147817,0.9987783378078845,0.9972476023965062,0.9154630762953897,0.850999592003264,0.229563271905737,1.7320281775127933
mlp_128_do035_wd002_lr0002,48,0.018043385174892405,0.9988112568489895,0.9972476023965062,0.9131782945736434,0.850999592003264,0.23188097266858831,1.7293957406766194
mlp_128_do035_wd002_lr0002,49,0.018215878072249538,0.9988039415065216,0.9972476023965062,0.9125254997960016,0.850999592003264,0.23252645210376222,1.7286461239837012
mlp_128_do035_wd002_lr0002,50,0.016168158652041766,0.9988588065750298,0.9972476023965062,0.9129334965320277,0.850999592003264,0.23217332043624428,1.7291070904698551
mlp_128_do035_wd002_lr0002,51,0.017293339280192468,0.9989246446572396,0.9972476023965062,0.9132598939208486,0.847123623011016,0.23578873012188128,1.7250152074135823
mlp_128_do035_wd002_lr0002,52,0.01727782009059892,0.9989063563010703,0.9972476023965062,0.9115463076295391,0.847123623011016,0.2374840280570214,1.7230473264320019
mlp_128_do035_wd002_lr0002,53,0.01509555586723282,0.9989283023284736,0.9972476023965062,0.9101591187270502,0.850999592003264,0.23501719399466559,1.7259061316311144
mlp_128_do035_wd002_lr0002,54,0.015979793703402665,0.9989465906846429,0.9972476023965062,0.9102407180742553,0.847123623011016,0.2388298519958778,1.7215398632858896
mlp_128_do035_wd002_lr0002,55,0.01765772664700361,0.9989648790408123,0.9972476023965062,0.9105671154630763,0.847123623011016,0.23852174296322626,1.7219124770296084
mlp_128_do035_wd002_lr0002,56,0.017506902599159407,0.9989612213695784,0.9972476023965062,0.907139942880457,0.847123623011016,0.24194525787461174,1.7179717772102812
mlp_128_do035_wd002_lr0002,57,0.015826576622202992,0.9989502483558768,0.9972476023965062,0.9076295389636884,0.847123623011016,0.24144468877767866,1.7185364586580525
mlp_128_do035_wd002_lr0002,58,0.017424804733737427,0.999034374794256,0.9972476023965062,0.9086087311301511,0.847123623011016,0.24054962304959526,1.7196499106837277
mlp_128_do035_wd002_lr0002,59,0.01878319714930566,0.9990855821915303,0.9972476023965062,0.9082007343941249,0.847123623011016,0.24100882718289574,1.7191730333277067
mlp_128_do035_wd002_lr0002,60,0.014562861048890388,0.9990526631504253,0.9972476023965062,0.9069767441860466,0.847123623011016,0.242199898349869,1.7177703824445822
mlp_128_do035_wd002_lr0002,61,0.015612195684191059,0.999063636164127,0.9972476023965062,0.9063239494084048,0.847123623011016,0.24286366614121246,1.7170180224982388
mlp_128_do035_wd002_lr0002,62,0.016734561978784555,0.9991258165751029,0.9972476023965062,0.9070583435332518,0.847123623011016,0.2421914524273414,1.7178532486801665
mlp_128_do035_wd002_lr0002,63,0.014252581756890696,0.9991477626025062,0.9972476023965062,0.90640554875561,0.847123623011016,0.24286619323238645,1.717099242781768
mlp_128_do035_wd002_lr0002,64,0.01682397279450122,0.9991038705476997,0.9972476023965062,0.9059975520195838,0.847123623011016,0.24323029791360617,1.7166366303435587
mlp_128_do035_wd002_lr0002,65,0.018809736281742945,0.9991916546573127,0.9972476023965062,0.9065687474500205,0.847123623011016,0.24274688659278254,1.717280337472119
mlp_128_do035_wd002_lr0002,66,0.016398858895306203,0.9992026276710144,0.9972476023965062,0.9066503467972257,0.847123623011016,0.24267626025927902,1.7173725307693497
mlp_128_do035_wd002_lr0002,67,0.015583000953911859,0.9991916546573127,0.9972476023965062,0.9069767441860465,0.847123623011016,0.24233888985675656,1.7177495337185489
mlp_128_do035_wd002_lr0002,68,0.01728974371080232,0.999242862054587,0.9972476023965062,0.9077111383108935,0.847123623011016,0.24165570312918383,1.7185864058525318
mlp_128_do035_wd002_lr0002,69,0.014467748005271834,0.9992611504107565,0.9972476023965062,0.9073031415748674,0.847123623011016,0.24208198822137938,1.7181144663526764
mlp_128_do035_wd002_lr0002,70,0.01578810512471725,0.9993013847943292,0.9972476023965062,0.9065687474500204,0.847123623011016,0.24285661672979908,1.7172638779515665
mlp_128_do035_wd002_lr0002,71,0.016721755005967093,0.9993160154792646,0.9972476023965062,0.9072215422276622,0.847123623011016,0.24221845263709274,1.7180123973431143
mlp_128_do035_wd002_lr0002,72,0.015258867951000439,0.9993233308217324,0.9980632630816612,0.9066503467972257,0.847123623011016,0.24361262409515194,1.7172320761939688
mlp_128_do035_wd002_lr0002,73,0.022918364950729644,0.9992904117806274,0.9980632630816612,0.9063239494084047,0.847123623011016,0.24390610244286792,1.7168616570529904
mlp_128_do035_wd002_lr0002,74,0.013548199840656975,0.99939648424641,0.9980632630816612,0.9093431252549979,0.8523867809057528,0.23572984116732043,1.7263704299856526
mlp_128_do035_wd002_lr0002,75,0.015712455284836536,0.9994184302738133,0.9980632630816612,0.9100775193798449,0.8523867809057528,0.23501739306987668,1.7272116913251163
mlp_128_do035_wd002_lr0002,76,0.014652573455618146,0.9993891689039422,0.9980632630816612,0.9088535291717665,0.8523867809057528,0.23621212190808405,1.7258084917913068
mlp_128_do035_wd002_lr0002,77,0.016404600594850147,0.9994440339724504,0.9980632630816612,0.9100775193798449,0.8523867809057528,0.2350429967685138,1.7272078507703206
mlp_128_do035_wd002_lr0002,78,0.015282877871547551,0.9994074572601117,0.9980632630816612,0.9085271317829458,0.8523867809057528,0.2365568076530743,1.7254303915407374
mlp_128_do035_wd002_lr0002,79,0.01523968024069772,0.999455006986152,0.9980632630816612,0.9104855161158711,0.8523867809057528,0.23464597304618917,1.7276754010646955
mlp_128_do035_wd002_lr0002,80,0.015987343894427315,0.9994550069861521,0.9980632630816612,0.9075479396164831,0.8523867809057528,0.23758354954557737,1.7242971880903994
mlp_128_do035_wd002_lr0002,81,0.013806444921475999,0.9995098720546602,0.9980632630816612,0.9076295389636884,0.8523867809057528,0.23755681526688022,1.724382797579409
mlp_128_do035_wd002_lr0002,82,0.013801909976310152,0.9995318180820636,0.9980632630816612,0.9080375356997143,0.8523867809057528,0.23717076455825759,1.7248487019217285
mlp_128_do035_wd002_lr0002,83,0.014043382670292082,0.999546448766999,0.9980632630816612,0.9086087311301511,0.8523867809057528,0.23661419981275633,1.7255033820639902
mlp_128_do035_wd002_lr0002,84,0.01678363066714476,0.9995208450683619,0.9980632630816612,0.9067319461444309,0.8523867809057528,0.2384653810998394,1.7233489198852077
mlp_128_do035_wd002_lr0002,85,0.015343881458701455,0.9995501064382329,0.9980632630816612,0.9085271317829458,0.8523867809057528,0.23669945683119553,1.7254089941640192
mlp_128_do035_wd002_lr0002,86,0.01328070368617773,0.9995610794519345,0.9980632630816612,0.9066503467972257,0.8523867809057528,0.23858721483061718,1.723249045478386
mlp_128_do035_wd002_lr0002,87,0.014004929319900624,0.9995720524656362,0.9980632630816612,0.9064871481028153,0.8523867809057528,0.23876138653872925,1.7230597210277587
mlp_128_do035_wd002_lr0002,88,0.01554107414010693,0.9995939984930394,0.9980632630816612,0.9083639330885352,0.8523867809057528,0.23690654758041252,1.7252147318572262
mlp_128_do035_wd002_lr0002,89,0.01532212324330912,0.9996159445204427,0.9980632630816612,0.907139942880457,0.8523867809057528,0.23815248381589404,1.7238038512138256
mlp_128_do035_wd002_lr0002,90,0.01569233976496274,0.9996415482190799,0.9980632630816612,0.9066503467972256,0.8523867809057528,0.2386676835977627,1.7232369751633139
mlp_128_do035_wd002_lr0002,91,0.015841908903573367,0.9996452058903137,0.9980632630816612,0.9061607507139943,0.8523867809057528,0.23916093735222776,1.7226733910169127
mlp_128_do035_wd002_lr0002,92,0.014343111584072603,0.9996305752053782,0.9980632630816612,0.9047735618115055,0.8523867809057528,0.2405334955697811,1.7210803183817913
mlp_128_do035_wd002_lr0002,93,0.014996310387847616,0.9996415482190798,0.9980632630816612,0.9054263565891473,0.8523867809057528,0.23989167380584087,1.721829386424024
mlp_128_do035_wd002_lr0002,94,0.015005458372316378,0.999637890547846,0.9980632630816612,0.9044471644226846,0.8523867809057528,0.24086720830106978,1.720703864083277
mlp_128_do035_wd002_lr0002,95,0.021112721851643396,0.9996269175341443,0.9980632630816612,0.9039575683394534,0.847123623011016,0.24660898926533614,1.714089842960669
mlp_128_do035_wd002_lr0002,96,0.014935901210479,0.9996671519177169,0.9980632630816612,0.9040391676866584,0.8523867809057528,0.2413044664069669,1.7202302786313661
mlp_128_do035_wd002_lr0002,97,0.013658004908767693,0.9996744672601848,0.9980632630816612,0.9064871481028152,0.8523867809057528,0.238863801333278,1.7230443588085762
mlp_128_do035_wd002_lr0002,98,0.014479258604457272,0.9996817826026525,0.9980632630816612,0.9066503467972256,0.8523867809057528,0.23870791798133528,1.7232309400057781
mlp_128_do035_wd002_lr0002,99,0.015196260735940407,0.9996781249314187,0.9980632630816612,0.9037127702978376,0.8523867809057528,0.24164183680948947,1.719853275682167
mlp_128_do035_wd002_lr0002,100,0.014296076705624513,0.9996854402738865,0.9980632630816612,0.9027335781313749,0.847123623011016,0.2478915022131568,1.7126734758104172
mlp_128_do035_wd002_lr0002,101,0.015168577364152846,0.9996781249314187,0.9980632630816612,0.900203998368013,0.847123623011016,0.2504137666340509,1.7097655563839214
mlp_128_do035_wd002_lr0002,102,0.015580762150313924,0.9996964132875881,0.9980632630816612,0.8970216238270095,0.847123623011016,0.2536144295312238,1.7061030824083419
mlp_128_do035_wd002_lr0002,103,0.013746845672893174,0.9997073863012897,0.9980632630816612,0.894859241126071,0.847123623011016,0.255787785245864,1.7036146963502072
mlp_128_do035_wd002_lr0002,104,0.014394278391538298,0.9997073863012897,0.9980632630816612,0.8934312525499795,0.847123623011016,0.2572157738219555,1.701972509487702
mlp_128_do035_wd002_lr0002,105,0.015413310563684824,0.999725674657459,0.9980632630816612,0.8915544675642595,0.8418604651162791,0.26437400505858155,1.6937588319217514
mlp_128_do035_wd002_lr0002,106,0.013747181558488485,0.9997220169862251,0.9980632630816612,0.8892696858425133,0.8365973072215422,0.2719182870038307,1.685079250013481
mlp_128_do035_wd002_lr0002,107,0.015696739668355268,0.9997220169862251,0.9980632630816612,0.8895144838841289,0.8365973072215422,0.2716734889622151,1.685360767761339
mlp_128_do035_wd002_lr0002,108,0.013847571722341372,0.999725674657459,0.9980632630816612,0.8898000815993471,0.847123623011016,0.2608652331287571,1.6977939196410494
mlp_128_do035_wd002_lr0002,109,0.01525845898397486,0.999725674657459,0.9980632630816612,0.8895960832313342,0.847123623011016,0.26106923149676997,1.6975593215178348
mlp_128_do035_wd002_lr0002,110,0.015381374588126646,0.9997329899999269,0.9980632630816612,0.8915544675642596,0.847123623011016,0.2591181625063125,1.6998103661993287
mlp_128_do035_wd002_lr0002,111,0.01451049676603254,0.9997329899999269,0.9980632630816612,0.8923704610363118,0.847123623011016,0.2583021690342603,1.7007487586921888
mlp_128_do035_wd002_lr0002,112,0.015931213534820604,0.9997512783560962,0.9980632630816612,0.8931048551611588,0.847123623011016,0.25758606326558264,1.7015905686823374
mlp_64_32_do035_wd002_lr0003,1,0.3649903903989231,0.997373792054075,0.9950054499301384,0.8869033047735619,0.8208078335373317,0.28466810367331974,1.6650109227598957
mlp_64_32_do035_wd002_lr0003,2,0.19924228243968067,0.9963386710948873,0.9950054499301384,0.8871481028151775,0.8246838025295797,0.2795122156802684,1.669905072992717
mlp_64_32_do035_wd002_lr0003,3,0.1479006918037639,0.9963533017798227,0.9950054499301384,0.8844553243574051,0.8285597715218278,0.2783436558307282,1.6712635475046238
mlp_64_32_do035_wd002_lr0003,4,0.11900502487140543,0.9964740049305408,0.9950054499301384,0.8882904936760506,0.8285597715218278,0.2746291896628008,1.6756558867484581
mlp_64_32_do035_wd002_lr0003,5,0.09832388732363195,0.9967300419169123,0.9950054499301384,0.8922888616891065,0.8285597715218278,0.2708868586361164,1.6802156044155168
mlp_64_32_do035_wd002_lr0003,6,0.08703587357612218,0.9968763487662674,0.9950054499301384,0.8940024479804163,0.8285597715218278,0.2693195791941617,1.6821642826231198
mlp_64_32_do035_wd002_lr0003,7,0.07453077724751304,0.9969568175334128,0.9950054499301384,0.8949816401468788,0.8285597715218278,0.26842085579484465,1.68327828329948
mlp_64_32_do035_wd002_lr0003,8,0.06730273979551651,0.9970189979443886,0.9950054499301384,0.895389636882905,0.8285597715218278,0.2680750394697943,1.6837381524842638
mlp_64_32_do035_wd002_lr0003,9,0.06553734838962555,0.9970702053416631,0.9950054499301384,0.896858425132599,0.8285597715218278,0.2666574586173748,1.6854195778618206
mlp_64_32_do035_wd002_lr0003,10,0.05826082277823897,0.9970116826019209,0.9950054499301384,0.897592819257446,0.8285597715218278,0.2658645417527854,1.686272909516356
mlp_64_32_do035_wd002_lr0003,11,0.05787534617325839,0.9974707203417728,0.9950054499301384,0.897266421868625,0.8285597715218278,0.2666499768814583,1.685828696858234
mlp_64_32_do035_wd002_lr0003,12,0.04966047975946875,0.9975493602733011,0.9950054499301384,0.8988984088127295,0.8285597715218278,0.26509662986888216,1.687693685854225
mlp_64_32_do035_wd002_lr0003,13,0.04768746280494858,0.9972311428759537,0.9950054499301384,0.901264789881681,0.8285597715218278,0.2624120314025833,1.6904627566931214
mlp_64_32_do035_wd002_lr0003,14,0.0413507078500355,0.9970372863005582,0.9950054499301384,0.904202366381069,0.8285597715218278,0.2592805983277998,1.6938700481537268
mlp_64_32_do035_wd002_lr0003,15,0.05066159016945783,0.9970482593142597,0.9950054499301384,0.9065687474500204,0.8285597715218278,0.2569251902725499,1.6965897404309658
mlp_64_32_do035_wd002_lr0003,16,0.03959810361266136,0.9969970519169854,0.9950054499301384,0.9029783761729906,0.8285597715218278,0.2604643541523054,1.6924684945719726
mlp_64_32_do035_wd002_lr0003,17,0.043448317138587725,0.9969970519169854,0.9950054499301384,0.9045287637698898,0.8285597715218278,0.2589139665554062,1.6942514403084066
mlp_64_32_do035_wd002_lr0003,18,0.036024010028032696,0.9968434297251626,0.9950054499301384,0.9086903304773563,0.8285597715218278,0.25459877765611694,1.6990602853507666
mlp_64_32_do035_wd002_lr0003,19,0.037041378536206836,0.9968214836977594,0.9950054499301384,0.9099143206854345,0.8285597715218278,0.2533528414206354,1.7004711659941671
mlp_64_32_do035_wd002_lr0003,20,0.03418686262824956,0.9967556456155495,0.9958211106152934,0.9103223174214606,0.8285597715218278,0.2536946672875545,1.7008278888501553
mlp_64_32_do035_wd002_lr0003,21,0.03616759279633269,0.9967702763004851,0.9958211106152934,0.9129334965320278,0.8285597715218278,0.2510981188619229,1.7038285502245674
mlp_64_32_do035_wd002_lr0003,22,0.03784190709976589,0.9968507450676303,0.9958211106152934,0.9146470828233375,0.8285597715218278,0.2494650013377584,1.7057871041445016
mlp_64_32_do035_wd002_lr0003,23,0.031535171355833023,0.9971287280814051,0.9958211106152934,0.9153814769481844,0.8285597715218278,0.2490085902266863,1.706589959936009
mlp_64_32_do035_wd002_lr0003,24,0.03372185030842528,0.9973993957527121,0.9958211106152934,0.9147286821705427,0.8285597715218278,0.249932052675635,1.7057986457910252
mlp_64_32_do035_wd002_lr0003,25,0.03312729293590083,0.9970958090403002,0.9958211106152934,0.9130966952264381,0.8285597715218278,0.2512604529073277,1.7039673988121669
mlp_64_32_do035_wd002_lr0003,26,0.028683386633501333,0.9970446016430259,0.9958211106152934,0.9111383108935128,0.8285597715218278,0.2531676298429787,1.7017229379388936
mlp_64_32_do035_wd002_lr0003,27,0.02749256800641032,0.9969074389717555,0.9958211106152934,0.9099143206854344,0.8285597715218278,0.2542544573797867,1.7003359236002944
mlp_64_32_do035_wd002_lr0003,28,0.02779947522589389,0.9969714482183483,0.9958211106152934,0.9068951448388411,0.8285597715218278,0.25733764247297275,1.696854269989723
mlp_64_32_do035_wd002_lr0003,29,0.0292394783019143,0.9969531598621788,0.9958211106152934,0.9146470828233374,0.8285597715218278,0.24956741613230704,1.705771741925319
mlp_64_32_do035_wd002_lr0003,30,0.024168051834053853,0.9968726910950335,0.9958211106152934,0.91374949000408,0.8390860873113015,0.23985822439494542,1.7168568436561396
mlp_64_32_do035_wd002_lr0003,31,0.025529627743012765,0.9969385291772435,0.9958211106152934,0.910485516115871,0.8390860873113015,0.24318803636536435,1.713093397972368
mlp_64_32_do035_wd002_lr0003,32,0.022192423012765014,0.9971488452731915,0.9969421868484774,0.9052631578947369,0.8443492452060384,0.24447862902089357,1.7129406087476413
mlp_64_32_do035_wd002_lr0003,33,0.023916160687804222,0.9972604042458247,0.9969421868484774,0.9003671970624235,0.8443492452060384,0.2494861488258402,1.7072935199445858
mlp_64_32_do035_wd002_lr0003,34,0.02842527608770658,0.9971799354786794,0.9969421868484774,0.8967768257853936,0.8496124031007752,0.24773289344098792,1.7092292948700207
mlp_64_32_do035_wd002_lr0003,35,0.026402751750805798,0.996861718081332,0.9980632630816612,0.8904120767033863,0.8457364341085272,0.25877647035107965,1.6973320402592516
mlp_64_32_do035_wd002_lr0003,36,0.028854321332319695,0.9969238984923079,0.9980632630816612,0.8868217054263566,0.8457364341085272,0.26242902203908525,1.693193786229021
mlp_64_32_do035_wd002_lr0003,37,0.021384099744917714,0.9973298999992684,0.9980632630816612,0.8846185230518157,0.8457364341085272,0.2650382059205867,1.6905992262722547
mlp_64_32_do035_wd002_lr0003,38,0.021539773052448734,0.9974195129444984,0.9980632630816612,0.8842921256629948,0.847123623011016,0.2640670273521488,1.6918056945711883
mlp_64_32_do035_wd002_lr0003,39,0.02136935499113272,0.9970025384238362,0.9980632630816612,0.8872297021623827,0.847123623011016,0.2607124763320987,1.6952464537235838
mlp_64_32_do035_wd002_lr0003,40,0.024597718846052885,0.9970263132868564,0.9980632630816612,0.8911464708282334,0.847123623011016,0.25681948252926823,1.699747171459859
mlp_64_32_do035_wd002_lr0003,41,0.020945920362411177,0.9970500881498767,0.9980632630816612,0.8909016727866177,0.847123623011016,0.25708805543390423,1.6994620874825481
mlp_64_32_do035_wd002_lr0003,42,0.022668144035646143,0.997132385752639,0.9980632630816612,0.8872297021623827,0.8432476540187679,0.2647182926531495,1.6907696122831781
mlp_64_32_do035_wd002_lr0003,43,0.022614200407748714,0.9969641328758807,0.9980632630816612,0.8849449204406366,0.847123623011016,0.26295885250588935,1.6926247155757692
mlp_64_32_do035_wd002_lr0003,44,0.022359292707679904,0.9970299709580903,0.9980632630816612,0.8842921256629948,0.847123623011016,0.26367748536574076,1.6918641258691496
mlp_64_32_do035_wd002_lr0003,45,0.018858350868172506,0.9970884936978324,0.9980632630816612,0.8842921256629948,0.847123623011016,0.2637360081054828,1.6918553474581883
mlp_64_32_do035_wd002_lr0003,46,0.019159328082905096,0.9972933232869297,0.9980632630816612,0.8856793145654834,0.847123623011016,0.2625536487920914,1.6934198902576858
mlp_64_32_do035_wd002_lr0003,47,0.02263616132276023,0.9971854219855302,0.9980632630816612,0.8813545491636068,0.8485108119135047,0.2653833239900798,1.6900578624785996
mlp_64_32_do035_wd002_lr0003,48,0.01623100877794273,0.9972384582184214,0.9980632630816612,0.8835577315381477,0.8485108119135047,0.26323317784843014,1.692583566774388
mlp_64_32_do035_wd002_lr0003,49,0.015470244702609146,0.9971689624649777,0.9980632630816612,0.8837209302325583,0.8485108119135047,0.2630004834005758,1.6927816696359765
mlp_64_32_do035_wd002_lr0003,50,0.018582195618792492,0.9970043672594532,0.9980632630816612,0.8809465524275808,0.8523867809057528,0.2617342970077807,1.6940731887821665
mlp_64_32_do035_wd002_lr0003,51,0.018187213949311304,0.9970574034923444,0.9980632630816612,0.8817625458996328,0.8523867809057528,0.26097133976861997,1.6950036258400927
mlp_64_32_do035_wd002_lr0003,52,0.023187364259844318,0.9970263132868564,0.9980632630816612,0.8802937576499388,0.8523867809057528,0.262409037812826,1.6933191828837677
mlp_64_32_do035_wd002_lr0003,53,0.018723420278333566,0.9970811783553647,0.9980632630816612,0.8800489596083231,0.8523867809057528,0.26270870092294996,1.6930294353756334
mlp_64_32_do035_wd002_lr0003,54,0.013501220903195003,0.9971579894512761,0.9980632630816612,0.8801305589555284,0.8523867809057528,0.26270391267165605,1.6931117529605328
mlp_64_32_do035_wd002_lr0003,55,0.018263502868221086,0.9972969809581635,0.9980632630816612,0.8798041615667075,0.8523867809057528,0.2631693015673644,1.6927155472373556
mlp_64_32_do035_wd002_lr0003,56,0.02344132338047904,0.9972933232869295,0.9980632630816612,0.8790697674418604,0.8523867809057528,0.2639000380209775,1.6918715426444666
mlp_64_32_do035_wd002_lr0003,57,0.01705800515928251,0.9970665476704291,0.9980632630816612,0.8722154222766219,0.8523867809057528,0.2705276075697156,1.6840230620469174
mlp_64_32_do035_wd002_lr0003,58,0.020776353119050756,0.997070205341663,0.9980632630816612,0.8638106895144838,0.8523867809057528,0.27893599800308755,1.6743570707197737
mlp_64_32_do035_wd002_lr0003,59,0.01980480957118904,0.9971250704101712,0.9980632630816612,0.8705018359853122,0.8523867809057528,0.27229971660076735,1.68204365940095
mlp_64_32_do035_wd002_lr0003,60,0.021774358650231185,0.9972091968485505,0.9980632630816612,0.86968584251326,0.8523867809057528,0.27319983651119883,1.681092647942333
mlp_64_32_do035_wd002_lr0003,61,0.018940379747244364,0.9974231706157324,0.9980632630816612,0.8687882496940025,0.8485108119135047,0.2781873720898863,1.6755709557940244
mlp_64_32_do035_wd002_lr0003,62,0.01710354575120351,0.9982845521913108,0.9980632630816612,0.881109751121991,0.8485108119135047,0.2667272522374763,1.6896114751998743
mlp_64_32_do035_wd002_lr0003,63,0.017557876609156236,0.9984674357530048,0.9980632630816612,0.8787433700530396,0.8485108119135047,0.2692765168681216,1.686862704436326
mlp_64_32_do035_wd002_lr0003,64,0.019727864809443846,0.9985479045201501,0.9980632630816612,0.8742146062831497,0.8485108119135047,0.27388574940515675,1.681642555785881
mlp_64_32_do035_wd002_lr0003,65,0.0157146015587975,0.9984564627393031,0.9980632630816612,0.8798857609139128,0.8485108119135047,0.2681231529935467,1.6881780998783855
mlp_64_32_do035_wd002_lr0003,66,0.018913970931487924,0.9983869669858594,0.9980632630816612,0.889514483884129,0.8485108119135047,0.2584249342698868,1.6992615556571509
mlp_64_32_do035_wd002_lr0003,67,0.01852856669574976,0.9984235436981983,0.9980632630816612,0.8888208894328845,0.8485108119135047,0.2591551054334702,1.6984584355313685
mlp_64_32_do035_wd002_lr0003,68,0.01829289143685909,0.9985588775338518,0.9980632630816612,0.8903304773561811,0.8485108119135047,0.25778085134582707,1.7001741615678119
mlp_64_32_do035_wd002_lr0003,69,0.015419947161503574,0.9987563917804811,0.9980632630816612,0.8935128518971849,0.8485108119135047,0.2547959910514527,1.7038042651529717
mlp_64_32_do035_wd002_lr0003,70,0.016546226599637198,0.9987673647941829,0.9980632630816612,0.896328029375765,0.8485108119135047,0.2519917865865744,1.7070400733012836
mlp_64_32_do035_wd002_lr0003,71,0.01836548389538246,0.9979480464377941,0.9980632630816612,0.8936760505915953,0.8523867809057528,0.24994847802210718,1.708570559794032
mlp_64_32_do035_wd002_lr0003,72,0.015749053618706325,0.9981857950679961,0.9980632630816612,0.887719298245614,0.8523867809057528,0.2561429789982904,1.7016846323016233
mlp_64_32_do035_wd002_lr0003,73,0.015145013738861856,0.9982424889721212,0.9980632630816612,0.8860873113015096,0.8523867809057528,0.2578316598465199,1.6997993432302843
mlp_64_32_do035_wd002_lr0003,74,0.014239983701640192,0.9983229577392666,0.9980632630816612,0.8844553243574053,0.8523867809057528,0.2595441155577697,1.6979104879294926
mlp_64_32_do035_wd002_lr0003,75,0.01690912921912968,0.9990471766435747,0.9980632630816612,0.8775193798449612,0.8523867809057528,0.2672042789745218,1.6898255189045357
mlp_64_32_do035_wd002_lr0003,76,0.01683119191404651,0.9991660509586756,0.9980632630816612,0.8812729498164015,0.8523867809057528,0.2635695833181825,1.6941242932244267
mlp_64_32_do035_wd002_lr0003,77,0.024019581813584354,0.9991514202737402,0.9980632630816612,0.8849449204406366,0.8523867809057528,0.25988298200901194,1.6983492540450376
mlp_64_32_do035_wd002_lr0003,78,0.028265394297811913,0.9992373755477363,0.9980632630816612,0.883639330885353,0.8523867809057528,0.26127452683829167,1.696834932765362
mlp_64_32_do035_wd002_lr0003,79,0.017539662350078717,0.9993087001367968,0.9980632630816612,0.8864137086903305,0.8523867809057528,0.25857147362237465,1.7000147685527272
mlp_64_32_do035_wd002_lr0003,80,0.013838665299665402,0.9992867541093936,0.9980632630816612,0.8854345165238677,0.8523867809057528,0.2595287197614342,1.6988919894654053
mlp_64_32_do035_wd002_lr0003,81,0.02144680658410139,0.9991898258216958,0.9980632630816612,0.8804569563443493,0.8523867809057528,0.26440935165325485,1.693182334502114
mlp_64_32_do035_wd002_lr0003,82,0.0164855917203514,0.9991002128764658,0.9980632630816612,0.8789881680946552,0.8523867809057528,0.26578852695771893,1.6915066699567503
mlp_64_32_do035_wd002_lr0003,83,0.02018467861446826,0.998851491232562,0.9980632630816612,0.8676458588331293,0.8523867809057528,0.27688211457534107,1.678500322552581
mlp_64_32_do035_wd002_lr0003,84,0.01567486027146087,0.9991294742463369,0.9980632630816612,0.8806201550387597,0.847123623011016,0.26944895927822243,1.687326434158042
mlp_64_32_do035_wd002_lr0003,85,0.01743943042888799,0.9990965552052319,0.9980632630816612,0.8797225622195023,0.847123623011016,0.2703136330563748,1.686299140272062
mlp_64_32_do035_wd002_lr0003,86,0.018851749393541145,0.9987838243147352,0.9980632630816612,0.8675642594859241,0.8485108119135047,0.28077201599696755,1.6739592689998837
mlp_64_32_do035_wd002_lr0003,87,0.014379834537120426,0.9991953123285467,0.9980632630816612,0.8627498980008159,0.8485108119135047,0.28599786549588724,1.6683610300899376
mlp_64_32_do035_wd002_lr0003,88,0.01856166683137417,0.9992190871915669,0.9980632630816612,0.8647898816809465,0.8485108119135047,0.28398165667877684,1.6707034450926348
mlp_64_32_do035_wd002_lr0003,89,0.016781005597509006,0.9990544919860423,0.9980632630816612,0.8640146878824969,0.8485108119135047,0.28459225527170184,1.6698366615052465
mlp_64_32_do035_wd002_lr0003,90,0.013866606839549015,0.9990325459586391,0.9980632630816612,0.8679722562219502,0.8485108119135047,0.28061274090484534,1.674391156999728
mlp_64_32_do035_wd002_lr0003,91,0.017299499280531618,0.999305042465563,0.9980632630816612,0.8807017543859649,0.8485108119135047,0.2681557392477545,1.6889892054123063
mlp_64_32_do035_wd002_lr0003,92,0.021739477223223624,0.9994056284244948,0.9980632630816612,0.8745002039983679,0.8485108119135047,0.27445787559428325,1.6818423345727302
mlp_64_32_do035_wd002_lr0003,93,0.01490031075937783,0.9993013847943292,0.9980632630816612,0.8773561811505509,0.8485108119135047,0.27149765481193466,1.6851423448422655
mlp_64_32_do035_wd002_lr0003,94,0.01700749056523337,0.9992026276710144,0.9980632630816612,0.869889840881273,0.8485108119135047,0.27886523795789786,1.676570867101093
mlp_64_32_do035_wd002_lr0003,95,0.018602285835453692,0.9989721943832801,0.9980632630816612,0.8689514483884129,0.8485108119135047,0.27957319716302365,1.675526280727464
mlp_64_32_do035_wd002_lr0003,96,0.013393315308562973,0.9984418320543675,0.9980632630816612,0.8662586699306405,0.8485108119135047,0.28173561329188346,1.6725091398503626
mlp_64_32_do035_wd002_lr0003,97,0.018100311486598325,0.9979407310953263,0.9980632630816612,0.8776825785393717,0.8485108119135047,0.26981060372411103,1.68572179989426
mlp_64_32_do035_wd002_lr0003,98,0.017779520219739747,0.9981985969173146,0.9980632630816612,0.8873113015095879,0.8523867809057528,0.256563777583635,1.7012135157777954
mlp_64_32_do035_wd002_lr0003,99,0.01588540625594118,0.9979955961638344,0.9980632630816612,0.8833129334965322,0.8523867809057528,0.26035914484321054,1.6966458426758033
mlp_64_32_do035_wd002_lr0003,100,0.018258748384302154,0.9980358305474071,0.9980632630816612,0.8736026111791108,0.8523867809057528,0.27010970154420466,1.6854729368532329
mlp_128_64_do040_wd003_lr0002,1,0.4593406801714617,0.9971397010951069,0.9950054499301384,0.8914728682170544,0.8246838025295797,0.2759884802786111,1.6747583987048424
mlp_128_64_do040_wd003_lr0002,2,0.16585581968812382,0.9975383872595995,0.9950054499301384,0.8967768257853937,0.8246838025295797,0.27108320887476445,1.6807981469837587
mlp_128_64_do040_wd003_lr0002,3,0.11484207256751902,0.9976700634240192,0.9950054499301384,0.9014279885760914,0.8285597715218278,0.2626877532562384,1.6905845971094835
mlp_128_64_do040_wd003_lr0002,4,0.08806570926133324,0.9976773787664869,0.9950054499301384,0.9021623827009383,0.8285597715218278,0.2619606744738592,1.6914280530516874
mlp_128_64_do040_wd003_lr0002,5,0.07462281624183935,0.9976956671226562,0.9950054499301384,0.8993064055487556,0.8285597715218278,0.2648349399822112,1.6881409360732518
mlp_128_64_do040_wd003_lr0002,6,0.061969906749094236,0.9976481173966159,0.9950054499301384,0.8963688290493675,0.8285597715218278,0.2677249667555589,1.6847698555578614
mlp_128_64_do040_wd003_lr0002,7,0.05360198787906591,0.9976700634240191,0.9950054499301384,0.8934312525499797,0.8285597715218278,0.27068448928235,1.681388350679455
mlp_128_64_do040_wd003_lr0002,8,0.05020138215931023,0.9977395591774628,0.9950054499301384,0.8944920440636476,0.8285597715218278,0.26969319352212584,1.6825978365571566
mlp_128_64_do040_wd003_lr0002,9,0.04675081690006396,0.9976883517801884,0.9950054499301384,0.895389636882905,0.8285597715218278,0.2687443933055941,1.6836377494088937
mlp_128_64_do040_wd003_lr0002,10,0.043858834049280954,0.9976737210952529,0.9950054499301384,0.8941656466748266,0.8285597715218278,0.2699537528287369,1.6822323552723437
mlp_128_64_do040_wd003_lr0002,11,0.042996898183927816,0.9976554327390837,0.9950054499301384,0.8949816401468789,0.8285597715218278,0.2691194710005155,1.6831734910186293
mlp_128_64_do040_wd003_lr0002,12,0.04284645617008209,0.9977212708212935,0.9950054499301384,0.9011015911872704,0.8285597715218278,0.26306535804233366,1.6902015590027482
mlp_128_64_do040_wd003_lr0002,13,0.04116679569158484,0.997852946985713,0.9950054499301384,0.9054263565891473,0.8285597715218278,0.25887226880487635,1.6951552877902436
mlp_128_64_do040_wd003_lr0002,14,0.03841991602059673,0.9979224427391568,0.9950054499301384,0.9073031415748674,0.8285597715218278,0.2570649795726,1.6973031661608051
mlp_128_64_do040_wd003_lr0002,15,0.0374492131283178,0.9978602623281809,0.9950054499301384,0.9080375356997143,0.8285597715218278,0.25626840503677717,1.6981570464660256
mlp_128_64_do040_wd003_lr0002,16,0.03124719036414343,0.9977797935610355,0.9950054499301384,0.9091799265605875,0.8285597715218278,0.25504554540875857,1.6994828662711017
mlp_128_64_do040_wd003_lr0002,17,0.035423721132033015,0.9976755499308699,0.9950054499301384,0.9081191350469198,0.8285597715218278,0.25600209329226076,1.6982785925749084
mlp_128_64_do040_wd003_lr0002,18,0.03133988632437061,0.9976188560267449,0.9950054499301384,0.9080375356997143,0.8285597715218278,0.2560269987353412,1.698193257411241
mlp_128_64_do040_wd003_lr0002,19,0.030518322525655523,0.9976334867116805,0.9950054499301384,0.9096695226438188,0.8285597715218278,0.25440964247617226,1.7000678477942206
mlp_128_64_do040_wd003_lr0002,20,0.028627897831885254,0.9977212708212936,0.9950054499301384,0.9148918808649531,0.8285597715218278,0.24927506836465108,1.7060603921320832
mlp_128_64_do040_wd003_lr0002,21,0.027402715867056567,0.9978383163007776,0.9950054499301384,0.915218278253774,0.8338229294165647,0.2438025585605773,1.7124708238862523
mlp_128_64_do040_wd003_lr0002,22,0.023706564186688733,0.9976810364377208,0.9950054499301384,0.9147286821705426,0.8390860873113015,0.23887171688601505,1.717984011948942
mlp_128_64_do040_wd003_lr0002,23,0.025653794353060862,0.9976700634240191,0.9950054499301384,0.9147286821705427,0.8443492452060384,0.2335975859775764,1.7240382894799446
mlp_128_64_do040_wd003_lr0002,24,0.0218412009999156,0.9977176131500595,0.9950054499301384,0.9144022847817218,0.8443492452060384,0.23397153309243768,1.7236558000238944
mlp_128_64_do040_wd003_lr0002,25,0.026269273175036207,0.997732243834995,0.9961265261633223,0.910811913504692,0.8443492452060384,0.23869761128758693,1.7193565170175924
mlp_128_64_do040_wd003_lr0002,26,0.02149364072829485,0.9977688205473337,0.9972476023965062,0.9099959200326398,0.8457364341085272,0.23928406880267294,1.7198397438207662
mlp_128_64_do040_wd003_lr0002,27,0.025430937653736156,0.9978053972596728,0.9972476023965062,0.9015911872705018,0.8457364341085272,0.24772537827715002,1.7101688146374565
mlp_128_64_do040_wd003_lr0002,28,0.021008331876467255,0.9978310009583098,0.9972476023965062,0.900530395756834,0.8457364341085272,0.24881177348945482,1.708945063841943
mlp_128_64_do040_wd003_lr0002,29,0.021855636773740545,0.9979151273966891,0.9972476023965062,0.895797633618931,0.8457364341085272,0.2536286620657371,1.7034897684175976
mlp_128_64_do040_wd003_lr0002,30,0.021413401782731798,0.9979553617802618,0.9972476023965062,0.8924520603835169,0.8457364341085272,0.25701446968472397,1.6996363240393355
mlp_128_64_do040_wd003_lr0002,31,0.01941670537652338,0.997948046437794,0.9972476023965062,0.8882088943288453,0.8457364341085272,0.26125032039692775,1.6947577803778333
mlp_128_64_do040_wd003_lr0002,32,0.022854569587199128,0.9979663347939635,0.9972476023965062,0.8883720930232558,0.8457364341085272,0.2611054100586867,1.6949427156229802
mlp_128_64_do040_wd003_lr0002,33,0.017180693993235335,0.9979699924651972,0.9972476023965062,0.8869033047735617,0.8457364341085272,0.2625778559796146,1.6932530604851468
mlp_128_64_do040_wd003_lr0002,34,0.020177199779187933,0.9979608482871125,0.9972476023965062,0.8861689106487147,0.8457364341085272,0.26330310592637685,1.6924098788682853
mlp_128_64_do040_wd003_lr0002,35,0.02132135213297956,0.9980468035611088,0.9980632630816612,0.8876376988984088,0.8418604651162791,0.266611902628082,1.6895063786204758
mlp_128_64_do040_wd003_lr0002,36,0.019444951267146012,0.9980614342460442,0.9980632630816612,0.8890248878008977,0.8418604651162791,0.26523934441052854,1.6910994512555975
mlp_128_64_do040_wd003_lr0002,37,0.018528975354617134,0.998065091917278,0.9980632630816612,0.8900040799673602,0.847123623011016,0.259000652020563,1.6982776051752917
mlp_128_64_do040_wd003_lr0002,38,0.01737530099447159,0.9982552908214398,0.9980632630816612,0.8900856793145654,0.847123623011016,0.25910925157751963,1.6983429145889535
mlp_128_64_do040_wd003_lr0002,39,0.019911745234447366,0.9982552908214398,0.9980632630816612,0.8906568747450021,0.847123623011016,0.2585380561470829,1.6989997893339557
mlp_128_64_do040_wd003_lr0002,40,0.017932491075685796,0.9983357595885851,0.9980632630816612,0.8909016727866177,0.8523867809057528,0.25311056897787576,1.7053218683456892
mlp_128_64_do040_wd003_lr0002,41,0.02129918714875684,0.9983211289036494,0.9980632630816612,0.8909424724602202,0.8523867809057528,0.2530551386193376,1.7053709825730723
mlp_128_64_do040_wd003_lr0002,42,0.020848062820732594,0.9985040124653435,0.9980632630816612,0.8912280701754387,0.8523867809057528,0.2529524244658131,1.7056719874113195
mlp_128_64_do040_wd003_lr0002,43,0.01671248731915565,0.9985076701365774,0.9980632630816612,0.8932680538555692,0.8523867809057528,0.25091609845691654,1.7080174199927844
mlp_128_64_do040_wd003_lr0002,44,0.014925894765731166,0.9984838952735572,0.9980632630816612,0.8922888616891065,0.8523867809057528,0.25187151576035904,1.7068949152308055
mlp_128_64_do040_wd003_lr0002,45,0.0188220673624207,0.9984674357530047,0.9980632630816612,0.8938392492860057,0.8523867809057528,0.25030466864290735,1.7086803298953224
mlp_128_64_do040_wd003_lr0002,46,0.01450491332284668,0.9985881389037228,0.9980632630816612,0.8923296613627092,0.8485108119135047,0.25581092870917,1.7024688339698384
mlp_128_64_do040_wd003_lr0002,47,0.019656857749556795,0.9987161573969084,0.9980632630816612,0.8916360669114647,0.8523867809057528,0.2527565726613521,1.7061093619180148
mlp_128_64_do040_wd003_lr0002,48,0.015829212949885166,0.9987161573969084,0.9980632630816612,0.8911872705018361,0.8523867809057528,0.2532053690709807,1.7055932460469418
mlp_128_64_do040_wd003_lr0002,49,0.01612519281094565,0.9987161573969086,0.9980632630816612,0.8903304773561812,0.8523867809057528,0.2540621622166357,1.7046079339294387
mlp_128_64_do040_wd003_lr0002,50,0.01759137585759163,0.9987673647941828,0.9980632630816612,0.8905752753977969,0.8523867809057528,0.25386857157229425,1.7048817705677055
mlp_128_64_do040_wd003_lr0002,51,0.018114014857393855,0.9988075991777555,0.9980632630816612,0.8917992656058752,0.8523867809057528,0.25268481574778867,1.7062833241494595
mlp_128_64_do040_wd003_lr0002,52,0.017579805188100126,0.9989337888353244,0.9980632630816612,0.8892696858425131,0.847123623011016,0.26060374306345646,1.6973027473940105
mlp_128_64_do040_wd003_lr0002,53,0.015586599502164651,0.999030717123022,0.9980632630816612,0.8909016727866178,0.847123623011016,0.25906868440704944,1.6991649931365764
mlp_128_64_do040_wd003_lr0002,54,0.014092302990748602,0.9991185012326352,0.9980632630816612,0.8936760505915953,0.847123623011016,0.25638209071168516,1.7023423599958585
mlp_128_64_do040_wd003_lr0002,55,0.017446898841573036,0.9991587356162079,0.9980632630816612,0.893920848633211,0.847123623011016,0.25617752705364216,1.7026178425861804
mlp_128_64_do040_wd003_lr0002,56,0.018165440805365935,0.9992245736984177,0.9980632630816612,0.8957160342717259,0.847123623011016,0.254448179497337,1.7046724303581413
mlp_128_64_do040_wd003_lr0002,57,0.01823265656061909,0.9992209160271838,0.9980632630816612,0.8948184414524684,0.847123623011016,0.2553421146453606,1.7036407472666801
mlp_128_64_do040_wd003_lr0002,58,0.01916522123193478,0.9991861681504619,0.9980632630816612,0.9007751937984496,0.8485108119135047,0.2479634255201687,1.712091491883929
mlp_128_64_do040_wd003_lr0002,59,0.01766457105986774,0.9992501773970549,0.9980632630816612,0.8980008159934721,0.8485108119135047,0.25080181257173917,1.7088913560212162
mlp_128_64_do040_wd003_lr0002,60,0.012998741421410265,0.9992172583559499,0.9980632630816612,0.8974296205630355,0.8523867809057528,0.24746411996882267,1.712696783473465
mlp_128_64_do040_wd003_lr0002,61,0.013433812624391387,0.9991989699997805,0.9980632630816612,0.8981640146878825,0.8523867809057528,0.24671143748780633,1.7135440799704644
mlp_128_64_do040_wd003_lr0002,62,0.017402298118480864,0.9992099430134822,0.9980632630816612,0.8983272133822929,0.8523867809057528,0.2465592118070976,1.7137301125169813
mlp_128_64_do040_wd003_lr0002,63,0.01551740275531569,0.9992684657532243,0.9980632630816612,0.8978376172990616,0.8523867809057528,0.24710733063007095,1.7131582986103038
mlp_128_64_do040_wd003_lr0002,64,0.017102493685396278,0.9993050424655632,0.9980632630816612,0.8988168094655242,0.8485108119135047,0.25004068416819536,1.7098215187537997
mlp_128_64_do040_wd003_lr0002,65,0.01472687880125116,0.9993343038354341,0.9980632630816612,0.8979600163198693,0.8485108119135047,0.2509267386837212,1.708831817430816
mlp_128_64_do040_wd003_lr0002,66,0.017978110884809318,0.9994440339724504,0.9980632630816612,0.8997144022847817,0.8485108119135047,0.2492820828558251,1.7108329017699127
mlp_128_64_do040_wd003_lr0002,67,0.016591496094513464,0.9994623223286199,0.9980632630816612,0.8984496124031007,0.8485108119135047,0.25056516109367555,1.709375650152554
mlp_128_64_do040_wd003_lr0002,68,0.01631341885556193,0.9994842683560231,0.9980632630816612,0.8993880048959608,0.8485108119135047,0.2496487146282187,1.7104515096152328
mlp_128_64_do040_wd003_lr0002,69,0.017945122494197944,0.9994915836984909,0.9980632630816612,0.896736026111791,0.8485108119135047,0.25230800875485626,1.7074006367120673
mlp_128_64_do040_wd003_lr0002,70,0.01822363505797351,0.9994367186299826,0.9980632630816612,0.8959608323133416,0.8485108119135047,0.25302833748479747,1.706517393604127
mlp_128_64_do040_wd003_lr0002,71,0.01567231891128947,0.9994842683560231,0.9980632630816612,0.8942880456956345,0.8485108119135047,0.25474867382854505,1.7045865565348575
mlp_128_64_do040_wd003_lr0002,72,0.015044811619993518,0.9995025567121926,0.9980632630816612,0.8940840473276214,0.8485108119135047,0.2549709605527276,1.7043492151582171
mlp_128_64_do040_wd003_lr0002,73,0.01612032707506681,0.9994842683560232,0.9980632630816612,0.8926968584251326,0.8485108119135047,0.25633986109904705,1.7027566911737801
mlp_128_64_do040_wd003_lr0002,74,0.018807783311999896,0.999487926027257,0.9980632630816612,0.8904936760505915,0.8432476540187679,0.2638098590395588,1.6941698512134256
mlp_128_64_do040_wd003_lr0002,75,0.016357161529252633,0.9995135297258941,0.9980632630816612,0.8912688698490412,0.8432476540187679,0.2630602689397462,1.695057483526847
mlp_128_64_do040_wd003_lr0002,76,0.014961181811111815,0.9994696376710875,0.9980632630816612,0.8886984904120766,0.8432476540187679,0.2655867563219042,1.6921081309825587
mlp_128_64_do040_wd003_lr0002,77,0.022228825070402202,0.9994111149313456,0.9980632630816612,0.8855977152182783,0.8432476540187679,0.2686290087759605,1.6885510179206522
mlp_128_64_do040_wd003_lr0002,78,0.01662828099420842,0.9992721234244581,0.9980632630816612,0.877437780497756,0.8485108119135047,0.27138679409485855,1.685240573297032
mlp_128_64_do040_wd003_lr0002,79,0.015505729092504172,0.9993196731504985,0.9980632630816612,0.8735210118319054,0.8485108119135047,0.2753511124867495,1.6807291568723979
mlp_128_64_do040_wd003_lr0002,80,0.01782851095092209,0.9993599075340712,0.9980632630816612,0.8760505915952672,0.8485108119135047,0.2728617671069604,1.683632138442728
mlp_128_64_do040_wd003_lr0002,81,0.012880211586461347,0.9994184302738133,0.9980632630816612,0.8834761321909425,0.8485108119135047,0.26549474925102723,1.692162731716793
mlp_128_64_do040_wd003_lr0002,82,0.016916448483243585,0.9994184302738133,0.9980632630816612,0.8848633210934312,0.8485108119135047,0.26410756034853844,1.6937579989546554
mlp_128_64_do040_wd003_lr0002,83,0.013669379808775643,0.9994476916436843,0.9980632630816612,0.8884536923704611,0.8432476540187679,0.26580960833611644,1.6918299051388115
mlp_128_64_do040_wd003_lr0002,84,0.014903685776516795,0.9994257456162812,0.9980632630816612,0.8865769073847409,0.8485108119135047,0.26240128939969665,1.6957275258882911
mlp_128_64_do040_wd003_lr0002,85,0.01612797035726116,0.9994184302738133,0.9980632630816612,0.8889432884536924,0.8485108119135047,0.26002759298827727,1.6984499614189557
mlp_128_64_do040_wd003_lr0002,86,0.012750779100529411,0.9994476916436843,0.9980632630816612,0.8891880864953079,0.8485108119135047,0.2598120563165328,1.6987270899613327
mlp_128_64_do040_wd003_lr0002,87,0.01622430851463886,0.9994842683560232,0.9980632630816612,0.8886168910648714,0.8485108119135047,0.2604198284593082,1.6980647287094799
mlp_128_64_do040_wd003_lr0002,88,0.017656874541631517,0.9994842683560231,0.9980632630816612,0.8863321093431253,0.8485108119135047,0.2627046101810542,1.695437229729472
mlp_128_64_do040_wd003_lr0002,89,0.014738905175095973,0.9995135297258941,0.9980632630816612,0.8869849041207671,0.8485108119135047,0.2620810767732834,1.6961835545182793
mlp_128_64_do040_wd003_lr0002,90,0.01732124688158579,0.9995135297258941,0.9980632630816612,0.886984904120767,0.8432476540187679,0.2673442346680204,1.690130922939332
mlp_128_64_do040_wd003_lr0002,91,0.015907522208769533,0.9995318180820636,0.9980632630816612,0.8875560995512036,0.8485108119135047,0.2615281696990164,1.6968376860098557
mlp_128_64_do040_wd003_lr0002,92,0.016422942239681586,0.999579367808104,0.9980632630816612,0.8895144838841289,0.8485108119135047,0.2596173350921315,1.6990826955338139
mlp_128_64_do040_wd003_lr0002,93,0.01744388649240136,0.9995866831505718,0.9980632630816612,0.8891064871481029,0.8485108119135047,0.26003264717062524,1.6986124019860138
