Region label,Region name,hemisphere,RSN,Region ablation score,Delta AUC,Delta balanced accuracy,Mean absolute probability change,Mean AGFV absolute change,Max Region-AGFV-gene score,Mean top-50 Region-AGFV-gene score,Top linked AGFV features,Top linked genes
17,Left-Hippocampus,L,Subcortical,0.3419397674953377,0.0205869672333086,0.0509669869425967,0.0979146205663207,0.1628026844658187,2.4741032759311166,2.2802362923572663,AGFV051; AGFV014; AGFV091; AGFV120; AGFV072; AGFV078; AGFV118; AGFV121; AGFV115; AGFV019; AGFV054; AGFV094; AGFV057; AGFV101; AGFV113,PYGL; DOK3; NCF4; FAM53C; GLT1D1; DYSF; OSBPL2; ACSL1; PILRA; SLC25A44; IL1R2; LIMK2; DGAT2; PDLIM7; MAEA
2,Left-Cerebral-White-Matter,,,0.2662175721095912,0.0074679724069967,0.0072370041882238,0.0937476589277551,0.1497538868628586,2.1319638012762834,1.983425163828083,AGFV014; AGFV051; AGFV091; AGFV120; AGFV072; AGFV078; AGFV118; AGFV121; AGFV019; AGFV115; AGFV094; AGFV054; AGFV057; AGFV101; AGFV025,DOK3; PYGL; NCF4; OSBPL2; FAM53C; PILRA; GLT1D1; DYSF; SLC25A44; LIMK2; DGAT2; PDLIM7; ACSL1; PHC2; MAP3K3
41,Right-Cerebral-White-Matter,,,0.1831081873987162,0.0202790096082777,0.0094850948509485,0.051073615723521,0.0975743346192838,1.7949012974808092,1.6548300292091518,AGFV091; AGFV014; AGFV120; AGFV051; AGFV078; AGFV072; AGFV094; AGFV019; AGFV118; AGFV121; AGFV057; AGFV054; AGFV115; AGFV126; AGFV025,OSBPL2; DOK3; NCF4; PILRA; FAM53C; GLT1D1; DYSF; PDLIM7; SLC25A44; PYGL; MAP3K3; LIMK2; DGAT2; PHC2; LILRA2
16,Brain-Stem,,,0.1509286190645072,0.0067288741069228,0.0254372998275437,0.038647965495912,0.0767995625070569,1.6186379776425184,1.5041783204516637,AGFV091; AGFV120; AGFV014; AGFV078; AGFV072; AGFV051; AGFV019; AGFV094; AGFV118; AGFV121; AGFV057; AGFV054; AGFV126; AGFV025; AGFV115,OSBPL2; PILRA; DOK3; NCF4; FAM53C; PYGL; GLT1D1; PDLIM7; DYSF; SLC25A44; MAP3K3; RASGRP4; LIMK2; DGAT2; LTB4R
1030,ctx-lh-superiortemporal,L,Somato-motor,0.1434236982658763,0.0002001724562699,0.0072370041882238,0.0493675917052555,0.0819227973194419,1.6026379830482764,1.4838146429745043,AGFV091; AGFV014; AGFV120; AGFV072; AGFV078; AGFV051; AGFV094; AGFV019; AGFV118; AGFV057; AGFV121; AGFV054; AGFV126; AGFV025; AGFV115,OSBPL2; DOK3; PILRA; NCF4; FAM53C; PYGL; GLT1D1; PDLIM7; DYSF; SLC25A44; MAP3K3; LIMK2; DGAT2; RASGRP4; NFIL3
1028,ctx-lh-superiorfrontal,L,Default Mode Network,0.1193786269684527,-0.0097468588322247,0.0081916728258192,0.0458714156938994,0.0711949939660416,1.4935506760791177,1.3919803917200642,AGFV091; AGFV014; AGFV120; AGFV072; AGFV078; AGFV051; AGFV019; AGFV094; AGFV118; AGFV057; AGFV121; AGFV054; AGFV025; AGFV126; AGFV115,OSBPL2; DOK3; PILRA; NCF4; FAM53C; GLT1D1; PYGL; DYSF; SLC25A44; PDLIM7; MAP3K3; LIMK2; DGAT2; RASGRP4; NFIL3
18,Left-Amygdala,L,Subcortical,0.1150162387294032,0.0036954915003695,0.0198632668144863,0.0334629108691948,0.0541271662304354,1.4543683546126944,1.3494164021843753,AGFV091; AGFV120; AGFV014; AGFV078; AGFV072; AGFV051; AGFV094; AGFV019; AGFV118; AGFV057; AGFV054; AGFV121; AGFV126; AGFV025; AGFV018,OSBPL2; PILRA; DOK3; NCF4; PYGL; FAM53C; PDLIM7; GLT1D1; MAP3K3; DYSF; SLC25A44; RASGRP4; LTB4R; LOC100653194; SIRPB1
1015,ctx-lh-middletemporal,L,Default Mode Network,0.1073310592052333,-0.0055586351318058,-0.0044345898004434,0.0441659756920696,0.0690146620365731,1.4581849762289971,1.3485559186154854,AGFV091; AGFV120; AGFV014; AGFV078; AGFV072; AGFV051; AGFV019; AGFV094; AGFV118; AGFV057; AGFV054; AGFV121; AGFV126; AGFV025; AGFV115,OSBPL2; PILRA; DOK3; NCF4; FAM53C; PYGL; PDLIM7; GLT1D1; DYSF; MAP3K3; SLC25A44; RASGRP4; LIMK2; DGAT2; LTB4R
8,Left-Cerebellum-Cortex,L,Cerebellum,0.0900225920308271,0.0094696969696969,-0.0081916728258191,0.0295132621942674,0.0564688747534554,1.413299970132937,1.2974375622699088,AGFV091; AGFV120; AGFV014; AGFV078; AGFV072; AGFV051; AGFV094; AGFV019; AGFV057; AGFV118; AGFV121; AGFV054; AGFV126; AGFV025; AGFV018,OSBPL2; PILRA; DOK3; NCF4; FAM53C; PDLIM7; PYGL; MAP3K3; GLT1D1; DYSF; SLC25A44; LILRA2; PXN; LIMK2; DGAT2
31,Left-choroid-plexus,,,0.0894665934525834,0.0027562207440255,0.0188162108893816,0.0219796032848052,0.0437046137829896,1.3622958025371847,1.2570229758576152,AGFV091; AGFV120; AGFV014; AGFV078; AGFV072; AGFV051; AGFV094; AGFV019; AGFV057; AGFV118; AGFV054; AGFV121; AGFV126; AGFV025; AGFV018,OSBPL2; PILRA; DOK3; NCF4; FAM53C; PYGL; PDLIM7; MAP3K3; GLT1D1; DYSF; SLC25A44; PXN; STAT5B; REPS2; RASGRP4
12,Left-Putamen,L,Subcortical,0.0849280434183731,-0.000939270756344,0.0137657058388765,0.0254756054462792,0.0438635719503348,1.3561945108205948,1.2493153264433319,AGFV091; AGFV120; AGFV014; AGFV078; AGFV072; AGFV051; AGFV094; AGFV019; AGFV057; AGFV118; AGFV054; AGFV121; AGFV126; AGFV025; AGFV018,OSBPL2; PILRA; DOK3; NCF4; FAM53C; PYGL; PDLIM7; MAP3K3; GLT1D1; DYSF; PXN; SLC25A44; RASGRP4; STAT5B; REPS2
28,Left-VentralDC,,,0.0756587124403126,0.0077451342695243,0.0157674304015768,0.0189295899423961,0.0307303699815114,1.3053530747987105,1.2008544684025249,AGFV091; AGFV120; AGFV014; AGFV078; AGFV072; AGFV051; AGFV094; AGFV019; AGFV057; AGFV118; AGFV054; AGFV121; AGFV126; AGFV025; AGFV018,OSBPL2; PILRA; DOK3; PYGL; PDLIM7; NCF4; FAM53C; MAP3K3; PXN; STAT5B; REPS2; GLT1D1; RASGRP4; DYSF; SLC25A44
49,Right-Thalamus-Proper,R,Subcortical,0.0753580147562023,0.0058050012318303,0.0071446169007144,0.0204878036725175,0.0402631343876041,1.3190454999448795,1.2178981523706367,AGFV091; AGFV120; AGFV014; AGFV078; AGFV072; AGFV051; AGFV094; AGFV019; AGFV057; AGFV118; AGFV054; AGFV121; AGFV126; AGFV025; AGFV018,OSBPL2; PILRA; DOK3; NCF4; FAM53C; PYGL; PDLIM7; MAP3K3; GLT1D1; DYSF; PXN; SLC25A44; RASGRP4; STAT5B; REPS2
2028,ctx-rh-superiorfrontal,R,Default Mode Network,0.0724035851761372,0.0082378664695736,-0.0116715939886671,0.0261332408437577,0.0469416409122464,1.3165131570427786,1.2193975135590516,AGFV091; AGFV120; AGFV014; AGFV078; AGFV072; AGFV051; AGFV094; AGFV019; AGFV057; AGFV118; AGFV054; AGFV121; AGFV126; AGFV025; AGFV018,OSBPL2; PILRA; DOK3; NCF4; FAM53C; PYGL; PDLIM7; GLT1D1; DYSF; MAP3K3; SLC25A44; RASGRP4; PXN; LTB4R; LIMK2
53,Right-Hippocampus,R,Subcortical,0.0698666840310408,0.0068058635131804,0.0127186499137719,0.0167350700338633,0.0319496420066892,1.2828875186840356,1.1860464306720253,AGFV091; AGFV120; AGFV014; AGFV078; AGFV072; AGFV051; AGFV094; AGFV019; AGFV057; AGFV118; AGFV054; AGFV121; AGFV126; AGFV025; AGFV018,OSBPL2; PILRA; DOK3; NCF4; FAM53C; PYGL; PDLIM7; MAP3K3; GLT1D1; PXN; DYSF; SLC25A44; STAT5B; REPS2; RASGRP4
1009,ctx-lh-inferiortemporal,L,Limbic system,0.0671322641358194,-0.0007237004188224,0.001570583887657,0.0206685969927631,0.0434068389228404,1.292445078481006,1.1884616739413953,AGFV091; AGFV120; AGFV014; AGFV078; AGFV072; AGFV051; AGFV094; AGFV019; AGFV057; AGFV118; AGFV054; AGFV121; AGFV126; AGFV025; AGFV018,OSBPL2; PILRA; DOK3; NCF4; FAM53C; PDLIM7; PYGL; MAP3K3; GLT1D1; DYSF; SLC25A44; PXN; STAT5B; REPS2; LILRA2
1007,ctx-lh-fusiform,L,Visual,0.0668954582873905,-0.0002925597437792,0.0066210889381621,0.0199154357680567,0.038994034761415,1.2860950876387303,1.18586849650929,AGFV091; AGFV120; AGFV014; AGFV078; AGFV072; AGFV051; AGFV094; AGFV019; AGFV057; AGFV118; AGFV054; AGFV121; AGFV126; AGFV025; AGFV018,OSBPL2; PILRA; DOK3; NCF4; FAM53C; PYGL; PDLIM7; MAP3K3; GLT1D1; DYSF; PXN; SLC25A44; STAT5B; REPS2; RASGRP4
10,Left-Thalamus-Proper,L,Subcortical,0.0654017623925627,0.0074679724069967,0.0066210889381621,0.0173525023106897,0.0323027401731783,1.2754440987038098,1.1732055635037615,AGFV091; AGFV120; AGFV014; AGFV078; AGFV072; AGFV051; AGFV094; AGFV019; AGFV057; AGFV118; AGFV054; AGFV121; AGFV126; AGFV025; AGFV018,OSBPL2; PILRA; DOK3; PYGL; PDLIM7; NCF4; FAM53C; MAP3K3; PXN; STAT5B; GLT1D1; REPS2; RASGRP4; DYSF; SLC25A44
1012,ctx-lh-lateralorbitofrontal,L,Limbic system,0.061949493850476,0.0016167775314115,0.0030487804878048,0.021460140482857,0.0333376075030987,1.2762309172069097,1.170400589412742,AGFV091; AGFV120; AGFV014; AGFV078; AGFV072; AGFV051; AGFV094; AGFV019; AGFV057; AGFV118; AGFV054; AGFV121; AGFV126; AGFV025; AGFV018,OSBPL2; PILRA; DOK3; NCF4; FAM53C; PDLIM7; MAP3K3; PYGL; GLT1D1; DYSF; PXN; SLC25A44; STAT5B; REPS2; LILRA2
1017,ctx-lh-paracentral,L,Somato-motor,0.0604642972057874,-0.00020017245627,0.009669869425967,0.0158922640408662,0.0337211207256109,1.2654604921952044,1.165797746421634,AGFV091; AGFV120; AGFV014; AGFV078; AGFV072; AGFV051; AGFV094; AGFV019; AGFV057; AGFV118; AGFV054; AGFV121; AGFV126; AGFV025; AGFV018,OSBPL2; PILRA; DOK3; NCF4; FAM53C; PDLIM7; PYGL; MAP3K3; GLT1D1; DYSF; PXN; SLC25A44; STAT5B; REPS2; RASGRP4
1006,ctx-lh-entorhinal,L,Limbic system,0.060083290631173,0.0073601872382359,0.009669869425967,0.0141196156252504,0.0275524028721062,1.2546249618321794,1.1509489090322391,AGFV091; AGFV120; AGFV014; AGFV078; AGFV072; AGFV051; AGFV094; AGFV019; AGFV057; AGFV118; AGFV054; AGFV121; AGFV126; AGFV025; AGFV018,OSBPL2; PILRA; DOK3; NCF4; PDLIM7; FAM53C; PYGL; MAP3K3; PXN; GLT1D1; STAT5B; DYSF; REPS2; SLC25A44; LILRA2
1022,ctx-lh-postcentral,L,Somato-motor,0.0582992031442933,0.0053738605567872,-0.0010470559251046,0.0137462431207319,0.0391211830161882,1.2700434843745643,1.1710448791203505,AGFV091; AGFV120; AGFV014; AGFV078; AGFV072; AGFV051; AGFV094; AGFV019; AGFV057; AGFV118; AGFV054; AGFV121; AGFV126; AGFV025; AGFV018,OSBPL2; PILRA; DOK3; NCF4; FAM53C; PYGL; PDLIM7; MAP3K3; GLT1D1; PXN; DYSF; STAT5B; SLC25A44; REPS2; RASGRP4
1035,ctx-lh-insula,L,Ventral Attention,0.0581992451581132,9.238728750926573e-05,0.0071446169007144,0.0177383712732145,0.031566411133139,1.2487820365190987,1.1519491070222563,AGFV091; AGFV120; AGFV014; AGFV078; AGFV072; AGFV051; AGFV094; AGFV019; AGFV057; AGFV118; AGFV054; AGFV121; AGFV126; AGFV025; AGFV018,OSBPL2; PILRA; DOK3; NCF4; FAM53C; PYGL; PDLIM7; MAP3K3; GLT1D1; PXN; DYSF; STAT5B; SLC25A44; REPS2; RASGRP4
60,Right-VentralDC,,,0.0581243320291267,0.0045731707317071,0.0091463414634146,0.0139359608819986,0.0296401296702383,1.249157513419073,1.1486316579389098,AGFV091; AGFV120; AGFV014; AGFV078; AGFV072; AGFV051; AGFV094; AGFV019; AGFV057; AGFV118; AGFV054; AGFV121; AGFV126; AGFV025; AGFV018,OSBPL2; PILRA; DOK3; NCF4; FAM53C; PDLIM7; PYGL; MAP3K3; PXN; GLT1D1; STAT5B; DYSF; REPS2; SLC25A44; RASGRP4
1024,ctx-lh-precentral,L,Somato-motor,0.0573748238064873,-0.000569721606307,0.0040958364129096,0.0178502974530054,0.034617196077266,1.2498087551192565,1.1528390863856282,AGFV091; AGFV120; AGFV014; AGFV078; AGFV072; AGFV051; AGFV094; AGFV019; AGFV057; AGFV118; AGFV054; AGFV121; AGFV126; AGFV025; AGFV018,OSBPL2; PILRA; DOK3; PYGL; NCF4; FAM53C; PDLIM7; MAP3K3; PXN; GLT1D1; STAT5B; REPS2; DYSF; RASGRP4; SLC25A44
4,Left-Lateral-Ventricle,,,0.0541671481836998,0.0016783690564177,-0.0060975609756097,0.0172201359132562,0.0391562594382545,1.2619202699754268,1.157581629861434,AGFV091; AGFV120; AGFV014; AGFV078; AGFV072; AGFV051; AGFV094; AGFV019; AGFV057; AGFV118; AGFV054; AGFV121; AGFV126; AGFV025; AGFV018,OSBPL2; PILRA; DOK3; PDLIM7; NCF4; PYGL; FAM53C; MAP3K3; GLT1D1; DYSF; PXN; SLC25A44; RASGRP4; LILRA2; STAT5B
47,Right-Cerebellum-Cortex,R,Cerebellum,0.0487001403702321,-0.000939270756344,-0.0005235279625522,0.0163538409885821,0.0321516395370104,1.224443501331829,1.1290440000904354,AGFV091; AGFV120; AGFV014; AGFV078; AGFV072; AGFV051; AGFV094; AGFV019; AGFV057; AGFV118; AGFV054; AGFV121; AGFV126; AGFV025; AGFV018,OSBPL2; PILRA; DOK3; NCF4; FAM53C; PYGL; PDLIM7; MAP3K3; PXN; GLT1D1; STAT5B; REPS2; DYSF; SLC25A44; RASGRP4
7,Left-Cerebellum-White-Matter,,,0.048090426721407,-0.0064363143631437,0.0014781966001479,0.0148437479227904,0.0368235810919991,1.236879379094522,1.1357346098976058,AGFV091; AGFV120; AGFV014; AGFV078; AGFV072; AGFV051; AGFV094; AGFV019; AGFV057; AGFV118; AGFV054; AGFV121; AGFV126; AGFV025; AGFV018,OSBPL2; PILRA; DOK3; PDLIM7; PYGL; NCF4; FAM53C; MAP3K3; PXN; STAT5B; GLT1D1; REPS2; RASGRP4; DYSF; LILRA2
24,CSF,,,0.0452454124962,0.00300258684405,0.0035723084503572,0.0135321002556474,0.0243096876643773,1.202021638876407,1.1077087116487798,AGFV091; AGFV120; AGFV014; AGFV078; AGFV072; AGFV051; AGFV094; AGFV019; AGFV057; AGFV118; AGFV054; AGFV126; AGFV121; AGFV025; AGFV018,OSBPL2; PILRA; DOK3; PYGL; NCF4; PDLIM7; FAM53C; MAP3K3; PXN; STAT5B; REPS2; GLT1D1; RASGRP4; DYSF; SLC25A44
1025,ctx-lh-precuneus,L,Default Mode Network,0.0445452360029241,0.0023558758314854,0.0005235279625523,0.0135520778336557,0.0264562958116946,1.2039039993871694,1.107621368428952,AGFV091; AGFV120; AGFV014; AGFV078; AGFV072; AGFV051; AGFV094; AGFV019; AGFV057; AGFV118; AGFV054; AGFV121; AGFV126; AGFV025; AGFV018,OSBPL2; PILRA; DOK3; NCF4; PDLIM7; PYGL; FAM53C; MAP3K3; PXN; STAT5B; GLT1D1; REPS2; DYSF; SLC25A44; RASGRP4
2025,ctx-rh-precuneus,R,Default Mode Network,0.0433107867332137,0.0025098546440009,0.0005235279625523,0.010887761353335,0.0282846703976347,1.2028944550436904,1.1097396027793722,AGFV091; AGFV120; AGFV014; AGFV078; AGFV072; AGFV051; AGFV094; AGFV019; AGFV057; AGFV118; AGFV054; AGFV121; AGFV126; AGFV025; AGFV018,OSBPL2; PILRA; DOK3; NCF4; FAM53C; PYGL; PDLIM7; MAP3K3; GLT1D1; PXN; DYSF; STAT5B; REPS2; SLC25A44; RASGRP4
15,4th-Ventricle,,,0.0411089867563862,-0.0007544961813255,-0.001570583887657,0.0151110230649188,0.026665585196914,1.203922465210383,1.10263585538936,AGFV091; AGFV120; AGFV014; AGFV078; AGFV072; AGFV051; AGFV094; AGFV019; AGFV057; AGFV118; AGFV054; AGFV126; AGFV121; AGFV025; AGFV018,OSBPL2; PILRA; DOK3; PDLIM7; PYGL; MAP3K3; NCF4; FAM53C; PXN; STAT5B; REPS2; GLT1D1; LILRA2; RASGRP4; DYSF
1000,ctx-lh-unknown,,,0.0398920351383789,0.0074063808819906,0.0055740330130574,0.0085703258631617,0.0177888091923238,1.1731667043893101,1.0779745234740996,AGFV091; AGFV120; AGFV014; AGFV078; AGFV072; AGFV051; AGFV094; AGFV019; AGFV057; AGFV118; AGFV054; AGFV126; AGFV121; AGFV025; AGFV018,OSBPL2; PILRA; DOK3; PDLIM7; PYGL; NCF4; FAM53C; MAP3K3; PXN; STAT5B; REPS2; GLT1D1; DYSF; RASGRP4; LILRA2
43,Right-Lateral-Ventricle,,,0.036730601335777,-0.001339615668884,-0.0030487804878048,0.0125568090405479,0.0271809729823047,1.182310689388109,1.086245548634947,AGFV091; AGFV120; AGFV014; AGFV078; AGFV072; AGFV051; AGFV094; AGFV019; AGFV057; AGFV118; AGFV054; AGFV126; AGFV121; AGFV025; AGFV018,OSBPL2; PILRA; DOK3; PDLIM7; NCF4; PYGL; FAM53C; MAP3K3; PXN; STAT5B; GLT1D1; REPS2; DYSF; SLC25A44; RASGRP4
2017,ctx-rh-paracentral,R,Somato-motor,0.036561173452986,0.0008468834688346,-0.0055740330130573,0.0120372729072378,0.0281460777142802,1.1745492022905133,1.0841933558942676,AGFV091; AGFV120; AGFV014; AGFV078; AGFV072; AGFV051; AGFV094; AGFV019; AGFV057; AGFV118; AGFV054; AGFV121; AGFV126; AGFV025; AGFV018,OSBPL2; PILRA; DOK3; NCF4; FAM53C; PYGL; PDLIM7; MAP3K3; GLT1D1; PXN; DYSF; STAT5B; REPS2; SLC25A44; RASGRP4
46,Right-Cerebellum-White-Matter,,,0.0350405796451183,0.0063901207193889,0.0025252525252524,0.0081385722028822,0.0171579049158267,1.1601052641552847,1.0661055449602628,AGFV091; AGFV120; AGFV014; AGFV078; AGFV072; AGFV051; AGFV094; AGFV019; AGFV057; AGFV118; AGFV054; AGFV126; AGFV121; AGFV025; AGFV018,OSBPL2; PILRA; DOK3; PDLIM7; PYGL; NCF4; FAM53C; MAP3K3; PXN; STAT5B; REPS2; GLT1D1; RASGRP4; DYSF; LILRA2
2023,ctx-rh-posteriorcingulate,R,Somato-motor,0.034829092193843,-0.0012472283813746,0.0055740330130574,0.0105954021091948,0.01935439926512,1.1567278595812278,1.0680388920152302,AGFV091; AGFV120; AGFV014; AGFV078; AGFV072; AGFV051; AGFV094; AGFV019; AGFV057; AGFV118; AGFV054; AGFV126; AGFV121; AGFV025; AGFV018,OSBPL2; PILRA; DOK3; PYGL; NCF4; FAM53C; PDLIM7; MAP3K3; PXN; STAT5B; REPS2; GLT1D1; DYSF; RASGRP4; SLC25A44
1033,ctx-lh-temporalpole,L,Limbic system,0.0348117228590148,0.0007237004188223,0.0060975609756097,0.0095508698842266,0.0178871053925108,1.1538572207576006,1.063555858865879,AGFV091; AGFV120; AGFV014; AGFV078; AGFV072; AGFV051; AGFV094; AGFV019; AGFV057; AGFV054; AGFV118; AGFV126; AGFV121; AGFV025; AGFV018,OSBPL2; PILRA; DOK3; PYGL; PDLIM7; NCF4; FAM53C; MAP3K3; PXN; STAT5B; REPS2; GLT1D1; RASGRP4; DYSF; SLC25A44
2029,ctx-rh-superiorparietal,R,Dorsal Attention,0.0346939726350485,0.0009392707563438,0.0025252525252524,0.0076766350340015,0.0227240850376827,1.1595685783573417,1.0732522623280942,AGFV091; AGFV120; AGFV014; AGFV078; AGFV072; AGFV051; AGFV094; AGFV019; AGFV057; AGFV054; AGFV118; AGFV126; AGFV121; AGFV025; AGFV018,OSBPL2; PILRA; DOK3; PYGL; NCF4; FAM53C; PDLIM7; MAP3K3; PXN; GLT1D1; STAT5B; REPS2; DYSF; RASGRP4; SLC25A44
2024,ctx-rh-precentral,R,Somato-motor,0.0335826611286675,-1.53978812515998e-05,-0.0025252525252524,0.0123079333053027,0.0224341627602556,1.1617129553147107,1.0713253121562623,AGFV091; AGFV120; AGFV014; AGFV078; AGFV072; AGFV051; AGFV094; AGFV019; AGFV057; AGFV118; AGFV054; AGFV126; AGFV121; AGFV025; AGFV018,OSBPL2; PILRA; DOK3; NCF4; FAM53C; PYGL; PDLIM7; MAP3K3; PXN; GLT1D1; STAT5B; DYSF; REPS2; SLC25A44; RASGRP4
2022,ctx-rh-postcentral,R,Somato-motor,0.0319665337186534,0.0005081300813006,-0.0035723084503572,0.0107443954227029,0.0223526150075485,1.1552628944564944,1.0652981251641127,AGFV091; AGFV120; AGFV014; AGFV078; AGFV072; AGFV051; AGFV094; AGFV019; AGFV057; AGFV118; AGFV054; AGFV126; AGFV121; AGFV025; AGFV018,OSBPL2; PILRA; DOK3; NCF4; PYGL; FAM53C; PDLIM7; MAP3K3; PXN; STAT5B; GLT1D1; REPS2; DYSF; RASGRP4; SLC25A44
13,Left-Pallidum,L,Subcortical,0.0300544168670741,0.0031257698940625,0.0030487804878048,0.0077233445761179,0.0153277926273207,1.138095895210199,1.0467799964090865,AGFV091; AGFV120; AGFV014; AGFV078; AGFV072; AGFV051; AGFV094; AGFV019; AGFV057; AGFV054; AGFV118; AGFV126; AGFV121; AGFV025; AGFV018,OSBPL2; PILRA; DOK3; PDLIM7; PYGL; NCF4; FAM53C; MAP3K3; PXN; STAT5B; REPS2; GLT1D1; DYSF; RASGRP4; SLC25A44
63,Right-choroid-plexus,,,0.0293057276926686,-0.0029717910815473,0.0066210889381621,0.008200205660564,0.0157987656119538,1.1361173156017383,1.0458603161151538,AGFV091; AGFV120; AGFV014; AGFV078; AGFV072; AGFV051; AGFV094; AGFV019; AGFV057; AGFV118; AGFV054; AGFV126; AGFV121; AGFV025; AGFV018,OSBPL2; PILRA; DOK3; PDLIM7; PYGL; NCF4; FAM53C; MAP3K3; PXN; STAT5B; REPS2; GLT1D1; DYSF; RASGRP4; SLC25A44
1014,ctx-lh-medialorbitofrontal,L,Limbic system,0.0288303966634827,-0.0024174673564918,0.0005235279625523,0.0106526871278717,0.0184141903660145,1.1375141670491484,1.045730296479637,AGFV091; AGFV120; AGFV014; AGFV078; AGFV072; AGFV051; AGFV094; AGFV019; AGFV057; AGFV118; AGFV054; AGFV126; AGFV121; AGFV025; AGFV018,OSBPL2; PILRA; DOK3; PDLIM7; PYGL; NCF4; FAM53C; MAP3K3; PXN; STAT5B; REPS2; GLT1D1; DYSF; RASGRP4; LILRA2
77,WM-hypointensities,,,0.0288134057333173,0.0029717910815472,0.0020017245627002,0.0081018340704417,0.0143568405490149,1.1330387192896862,1.0424163081980347,AGFV091; AGFV120; AGFV014; AGFV078; AGFV072; AGFV051; AGFV094; AGFV019; AGFV057; AGFV054; AGFV118; AGFV126; AGFV121; AGFV025; AGFV018,OSBPL2; PILRA; DOK3; PDLIM7; PYGL; NCF4; FAM53C; MAP3K3; PXN; STAT5B; REPS2; GLT1D1; DYSF; RASGRP4; SLC25A44
1023,ctx-lh-posteriorcingulate,L,Default Mode Network,0.0284551198611154,0.0030333826065532,-0.0116715939886671,0.0115901998228789,0.0238456728568143,1.143680802314359,1.0549440397316212,AGFV091; AGFV120; AGFV014; AGFV078; AGFV072; AGFV051; AGFV094; AGFV019; AGFV057; AGFV118; AGFV054; AGFV121; AGFV126; AGFV025; AGFV018,OSBPL2; PILRA; DOK3; NCF4; FAM53C; PYGL; PDLIM7; MAP3K3; PXN; GLT1D1; STAT5B; REPS2; DYSF; SLC25A44; RASGRP4
1016,ctx-lh-parahippocampal,L,Subcortical,0.0284058961927631,0.0017399605814238,0.0060975609756097,0.0073981356706717,0.0120652665893672,1.1285182948465458,1.0378895007391693,AGFV091; AGFV120; AGFV014; AGFV078; AGFV072; AGFV051; AGFV094; AGFV019; AGFV057; AGFV054; AGFV118; AGFV126; AGFV025; AGFV121; AGFV018,OSBPL2; PILRA; DOK3; PDLIM7; PYGL; NCF4; FAM53C; MAP3K3; PXN; STAT5B; REPS2; GLT1D1; DYSF; RASGRP4; LILRA2
1011,ctx-lh-lateraloccipital,L,Visual,0.0275380359982898,0.0025098546440009,0.0,0.0073875616734219,0.0176406196808668,1.138357655910354,1.0461328371300886,AGFV091; AGFV120; AGFV014; AGFV078; AGFV072; AGFV051; AGFV094; AGFV019; AGFV057; AGFV118; AGFV054; AGFV126; AGFV121; AGFV025; AGFV018,OSBPL2; PILRA; DOK3; PDLIM7; PYGL; NCF4; MAP3K3; FAM53C; PXN; STAT5B; REPS2; GLT1D1; RASGRP4; DYSF; LILRA2
2008,ctx-rh-inferiorparietal,R,Default Mode Network,0.025773487155494,-0.0033721359940873,0.0030487804878048,0.0067961766083534,0.0184719367716551,1.1298463997939885,1.0411989137388897,AGFV091; AGFV120; AGFV014; AGFV078; AGFV072; AGFV051; AGFV094; AGFV019; AGFV057; AGFV054; AGFV118; AGFV126; AGFV121; AGFV025; AGFV018,OSBPL2; PILRA; DOK3; NCF4; PYGL; PDLIM7; FAM53C; MAP3K3; PXN; STAT5B; REPS2; GLT1D1; DYSF; SLC25A44; RASGRP4
51,Right-Putamen,R,Subcortical,0.0242442710691125,0.0037108893816208,0.0030487804878048,0.0058669717249187,0.0113413863808453,1.1122580877393988,1.0253351951187082,AGFV091; AGFV120; AGFV014; AGFV078; AGFV072; AGFV051; AGFV094; AGFV019; AGFV057; AGFV054; AGFV118; AGFV126; AGFV025; AGFV121; AGFV018,OSBPL2; PILRA; DOK3; PYGL; PDLIM7; NCF4; FAM53C; MAP3K3; PXN; STAT5B; REPS2; GLT1D1; RASGRP4; DYSF; SLC25A44
1003,ctx-lh-caudalmiddlefrontal,L,Default Mode Network,0.02346857412046,0.00060051736881,0.0,0.0075201539654614,0.0147954165983433,1.1148090915706335,1.0278150437537683,AGFV091; AGFV120; AGFV014; AGFV078; AGFV072; AGFV051; AGFV094; AGFV019; AGFV057; AGFV054; AGFV118; AGFV126; AGFV121; AGFV025; AGFV018,OSBPL2; PILRA; DOK3; PYGL; NCF4; PDLIM7; FAM53C; MAP3K3; PXN; STAT5B; REPS2; GLT1D1; DYSF; RASGRP4; SLC25A44
50,Right-Caudate,R,Subcortical,0.0205568610257586,-0.0001385809312638,-0.0010470559251046,0.0076156085117807,0.0130219169946558,1.1071693080698635,1.018462888967866,AGFV091; AGFV120; AGFV014; AGFV078; AGFV072; AGFV051; AGFV094; AGFV019; AGFV057; AGFV054; AGFV118; AGFV126; AGFV025; AGFV121; AGFV018,OSBPL2; PILRA; DOK3; PDLIM7; PYGL; NCF4; FAM53C; MAP3K3; PXN; STAT5B; REPS2; GLT1D1; DYSF; RASGRP4; SLC25A44
1029,ctx-lh-superiorparietal,L,Dorsal Attention,0.0199127876871916,-0.003248952944075,0.0030487804878048,0.0060627702250562,0.0132214606366376,1.1050367013264033,1.0195587136368902,AGFV091; AGFV120; AGFV014; AGFV078; AGFV072; AGFV051; AGFV094; AGFV019; AGFV057; AGFV118; AGFV054; AGFV126; AGFV025; AGFV121; AGFV018,OSBPL2; PILRA; DOK3; PYGL; NCF4; PDLIM7; FAM53C; PXN; MAP3K3; STAT5B; REPS2; GLT1D1; RASGRP4; DYSF; SLC25A44
1018,ctx-lh-parsopercularis,L,Ventral Attention,0.0181020717486735,0.001940133037694,-0.0055740330130573,0.0066320019277605,0.0145514836084311,1.097436984048221,1.0097862154392359,AGFV091; AGFV120; AGFV014; AGFV078; AGFV072; AGFV051; AGFV094; AGFV019; AGFV057; AGFV054; AGFV118; AGFV126; AGFV121; AGFV025; AGFV018,OSBPL2; PILRA; DOK3; PDLIM7; PYGL; NCF4; FAM53C; MAP3K3; PXN; STAT5B; REPS2; GLT1D1; DYSF; RASGRP4; SLC25A44
1013,ctx-lh-lingual,L,Visual,0.0176279709764301,-0.0001077851687608,0.0030487804878048,0.005028311091151,0.0093824214723124,1.0922350017308766,1.0052148286967486,AGFV091; AGFV120; AGFV014; AGFV078; AGFV072; AGFV051; AGFV094; AGFV019; AGFV057; AGFV054; AGFV118; AGFV126; AGFV025; AGFV121; AGFV018,OSBPL2; PILRA; DOK3; PDLIM7; PYGL; NCF4; FAM53C; PXN; MAP3K3; STAT5B; REPS2; GLT1D1; RASGRP4; DYSF; CD63
26,Left-Accumbens-area,L,Subcortical,0.0171252684067596,0.0014781966001476,-0.0020017245627,0.0054643523354515,0.0108032285642471,1.090729395045114,1.004350518752706,AGFV091; AGFV120; AGFV014; AGFV078; AGFV072; AGFV051; AGFV094; AGFV019; AGFV057; AGFV054; AGFV118; AGFV126; AGFV025; AGFV121; AGFV018,OSBPL2; PILRA; DOK3; PYGL; PDLIM7; NCF4; FAM53C; MAP3K3; PXN; STAT5B; REPS2; GLT1D1; RASGRP4; DYSF; LILRA2
1019,ctx-lh-parsorbitalis,L,Default Mode Network,0.0166848865437018,-0.0010008622813501,0.0030487804878048,0.0052486325457218,0.0091120926976025,1.085755126965171,0.9995836107319412,AGFV091; AGFV120; AGFV014; AGFV078; AGFV072; AGFV051; AGFV094; AGFV019; AGFV057; AGFV054; AGFV118; AGFV126; AGFV025; AGFV121; AGFV018,OSBPL2; PILRA; DOK3; PYGL; PDLIM7; NCF4; FAM53C; MAP3K3; PXN; STAT5B; REPS2; GLT1D1; RASGRP4; DYSF; LILRA2
2000,ctx-rh-unknown,,,0.0166161568912386,0.0026638334565164,0.0030487804878048,0.0031686081597324,0.0069062055054169,1.0825182771664905,0.9973070122659974,AGFV091; AGFV120; AGFV014; AGFV078; AGFV072; AGFV051; AGFV094; AGFV019; AGFV057; AGFV054; AGFV118; AGFV126; AGFV025; AGFV121; AGFV018,OSBPL2; PILRA; DOK3; PYGL; PDLIM7; NCF4; FAM53C; PXN; MAP3K3; STAT5B; REPS2; GLT1D1; RASGRP4; DYSF; CD63
1031,ctx-lh-supramarginal,L,Ventral Attention,0.0163517346801476,0.0009238728750922,-0.0005235279625522,0.0049871374217494,0.0104117661580129,1.0865039225748638,1.0018947675758243,AGFV091; AGFV120; AGFV014; AGFV078; AGFV072; AGFV051; AGFV094; AGFV019; AGFV057; AGFV054; AGFV118; AGFV126; AGFV025; AGFV121; AGFV018,OSBPL2; PILRA; DOK3; PYGL; PDLIM7; NCF4; FAM53C; PXN; MAP3K3; STAT5B; REPS2; GLT1D1; RASGRP4; DYSF; LTB4R
2010,ctx-rh-isthmuscingulate,R,Default Mode Network,0.0163321844335143,-0.0023866715939887,0.0030487804878048,0.004700716556621,0.0106931158891545,1.088700515229533,1.0028957109213463,AGFV091; AGFV120; AGFV014; AGFV078; AGFV072; AGFV051; AGFV094; AGFV019; AGFV057; AGFV054; AGFV118; AGFV126; AGFV025; AGFV121; AGFV018,OSBPL2; PILRA; DOK3; PYGL; PDLIM7; NCF4; FAM53C; MAP3K3; PXN; STAT5B; REPS2; GLT1D1; RASGRP4; DYSF; SLC25A44
2012,ctx-rh-lateralorbitofrontal,R,Limbic system,0.0163240676033672,-0.0008622813500862,0.0055740330130574,0.0036395769965068,0.0068677665681985,1.0805251477121687,0.9954995766382875,AGFV091; AGFV120; AGFV014; AGFV078; AGFV072; AGFV051; AGFV094; AGFV019; AGFV057; AGFV054; AGFV118; AGFV126; AGFV025; AGFV121; AGFV018,OSBPL2; PILRA; DOK3; PYGL; PDLIM7; NCF4; PXN; FAM53C; MAP3K3; STAT5B; REPS2; GLT1D1; RASGRP4; CD63; DYSF
11,Left-Caudate,L,Subcortical,0.0160861361123274,-0.0012164326188717,0.0,0.0057337686023289,0.0099113415653343,1.0893902736892027,1.00172848947402,AGFV091; AGFV120; AGFV014; AGFV078; AGFV072; AGFV051; AGFV094; AGFV019; AGFV057; AGFV054; AGFV118; AGFV126; AGFV025; AGFV121; AGFV018,OSBPL2; PILRA; DOK3; PDLIM7; PYGL; NCF4; FAM53C; MAP3K3; PXN; STAT5B; REPS2; GLT1D1; DYSF; RASGRP4; SLC25A44
253,CC_Central,,,0.0160007235404098,0.0009700665188469,0.0055740330130574,0.0031989964126552,0.0051526552201596,1.0786172544175465,0.9935249013201765,AGFV091; AGFV120; AGFV014; AGFV078; AGFV072; AGFV051; AGFV094; AGFV019; AGFV057; AGFV054; AGFV126; AGFV118; AGFV025; AGFV121; AGFV018,OSBPL2; PILRA; DOK3; PDLIM7; PYGL; NCF4; FAM53C; PXN; MAP3K3; STAT5B; REPS2; GLT1D1; RASGRP4; DYSF; CD63
2035,ctx-rh-insula,R,Ventral Attention,0.0158760172803363,0.0006621088938161,0.0005235279625523,0.0050559387367362,0.0090819554993862,1.0836550328080887,0.99857631320187,AGFV091; AGFV120; AGFV014; AGFV078; AGFV072; AGFV051; AGFV094; AGFV019; AGFV057; AGFV054; AGFV118; AGFV126; AGFV025; AGFV121; AGFV018,OSBPL2; PILRA; DOK3; PYGL; PDLIM7; NCF4; FAM53C; MAP3K3; PXN; STAT5B; REPS2; GLT1D1; RASGRP4; DYSF; SLC25A44
2003,ctx-rh-caudalmiddlefrontal,R,Fronto-Parietal,0.0153926141017606,-0.0022634885439763,0.0,0.0057043025362722,0.0108468277337742,1.0843569148181051,0.9994388584069348,AGFV091; AGFV120; AGFV014; AGFV078; AGFV072; AGFV051; AGFV094; AGFV019; AGFV057; AGFV054; AGFV118; AGFV126; AGFV025; AGFV121; AGFV018,OSBPL2; PILRA; DOK3; PYGL; PDLIM7; NCF4; FAM53C; MAP3K3; PXN; STAT5B; REPS2; GLT1D1; DYSF; RASGRP4; SLC25A44
1010,ctx-lh-isthmuscingulate,L,Default Mode Network,0.014663661131687,0.0008776792313376,0.0,0.0045109531026621,0.0087225426098419,1.0815447819175268,0.9958982551193573,AGFV091; AGFV120; AGFV014; AGFV078; AGFV072; AGFV051; AGFV094; AGFV019; AGFV057; AGFV054; AGFV118; AGFV126; AGFV025; AGFV121; AGFV018,OSBPL2; PILRA; DOK3; PDLIM7; PYGL; NCF4; FAM53C; MAP3K3; PXN; STAT5B; REPS2; GLT1D1; DYSF; RASGRP4; SLC25A44
2016,ctx-rh-parahippocampal,R,Subcortical,0.014598709368373,0.0008160877063315,0.0,0.00418237701717,0.0096002446448714,1.0799044603105548,0.996075015448308,AGFV091; AGFV120; AGFV014; AGFV078; AGFV072; AGFV051; AGFV094; AGFV019; AGFV057; AGFV054; AGFV118; AGFV126; AGFV025; AGFV121; AGFV018,OSBPL2; PILRA; DOK3; PYGL; PDLIM7; NCF4; FAM53C; PXN; MAP3K3; STAT5B; REPS2; GLT1D1; RASGRP4; DYSF; CD63
14,3rd-Ventricle,,,0.014007764377639,0.0003541512687852,-0.0030487804878048,0.0062865410334538,0.0095871232814369,1.081456716210281,0.9946946162447088,AGFV091; AGFV120; AGFV014; AGFV078; AGFV072; AGFV051; AGFV094; AGFV019; AGFV057; AGFV054; AGFV118; AGFV126; AGFV025; AGFV121; AGFV018,OSBPL2; PILRA; DOK3; PDLIM7; PYGL; NCF4; FAM53C; MAP3K3; PXN; STAT5B; REPS2; GLT1D1; DYSF; RASGRP4; LILRA2
1027,ctx-lh-rostralmiddlefrontal,L,Fronto-Parietal,0.01376335909859,-0.0022942843064794,-0.0025252525252524,0.0064027032876665,0.0113514633608875,1.0815686842845775,0.995259062880792,AGFV091; AGFV120; AGFV014; AGFV078; AGFV072; AGFV051; AGFV094; AGFV019; AGFV057; AGFV054; AGFV118; AGFV126; AGFV025; AGFV121; AGFV018,OSBPL2; PILRA; DOK3; PYGL; PDLIM7; NCF4; FAM53C; MAP3K3; PXN; STAT5B; REPS2; GLT1D1; RASGRP4; DYSF; LILRA2
1034,ctx-lh-transversetemporal,L,Somato-motor,0.013616211120686,0.0022942843064794,-0.0030487804878048,0.0048733105000561,0.0092211537080326,1.0780005076532684,0.9923107776402295,AGFV091; AGFV120; AGFV014; AGFV078; AGFV072; AGFV051; AGFV094; AGFV019; AGFV057; AGFV054; AGFV118; AGFV126; AGFV025; AGFV121; AGFV018,OSBPL2; PILRA; DOK3; PDLIM7; PYGL; NCF4; FAM53C; PXN; MAP3K3; STAT5B; REPS2; GLT1D1; DYSF; RASGRP4; CD63
1021,ctx-lh-pericalcarine,L,Visual,0.013565057954736,0.0034029317565901,0.0030487804878048,0.0022528316203031,0.0045842709961152,1.0716821658923115,0.986872098130202,AGFV091; AGFV120; AGFV014; AGFV078; AGFV072; AGFV051; AGFV094; AGFV019; AGFV057; AGFV054; AGFV126; AGFV118; AGFV025; AGFV121; AGFV018,OSBPL2; PILRA; DOK3; PDLIM7; PYGL; NCF4; PXN; FAM53C; MAP3K3; STAT5B; REPS2; GLT1D1; RASGRP4; CD63; DYSF
2013,ctx-rh-lingual,R,Visual,0.0130972238188726,0.0015551860064054,-0.0030487804878048,0.0053309672486386,0.0089836079577107,1.0786419136892644,0.9927352630878796,AGFV091; AGFV120; AGFV014; AGFV078; AGFV072; AGFV051; AGFV094; AGFV019; AGFV057; AGFV054; AGFV118; AGFV126; AGFV025; AGFV121; AGFV018,OSBPL2; PILRA; DOK3; PDLIM7; PYGL; NCF4; FAM53C; MAP3K3; PXN; STAT5B; REPS2; GLT1D1; RASGRP4; DYSF; LILRA2
2007,ctx-rh-fusiform,R,Visual,0.0128293904115643,0.0006005173688099,0.0,0.0036081115493952,0.0086207614933592,1.073982191417464,0.9899555685235388,AGFV091; AGFV120; AGFV014; AGFV078; AGFV072; AGFV051; AGFV094; AGFV019; AGFV057; AGFV054; AGFV118; AGFV126; AGFV025; AGFV121; AGFV018,OSBPL2; PILRA; DOK3; PYGL; PDLIM7; NCF4; FAM53C; PXN; MAP3K3; STAT5B; REPS2; GLT1D1; DYSF; RASGRP4; SLC25A44
2031,ctx-rh-supramarginal,R,Ventral Attention,0.0125333807837261,-1.53978812515998e-05,0.0,0.0035075972921817,0.009041181372796,1.0743553964954122,0.9901919450246003,AGFV091; AGFV120; AGFV014; AGFV078; AGFV072; AGFV051; AGFV094; AGFV019; AGFV057; AGFV054; AGFV118; AGFV126; AGFV025; AGFV121; AGFV018,OSBPL2; PILRA; DOK3; PYGL; PDLIM7; NCF4; FAM53C; MAP3K3; PXN; STAT5B; REPS2; GLT1D1; DYSF; RASGRP4; SLC25A44
2021,ctx-rh-pericalcarine,R,Visual,0.0124697046548951,0.0017553584626753,0.0030487804878048,0.0020346883864486,0.0053546342240435,1.067945468254171,0.9841933248106575,AGFV091; AGFV120; AGFV014; AGFV078; AGFV072; AGFV051; AGFV094; AGFV019; AGFV057; AGFV054; AGFV126; AGFV118; AGFV025; AGFV121; AGFV018,OSBPL2; PILRA; DOK3; PYGL; PDLIM7; NCF4; PXN; FAM53C; MAP3K3; STAT5B; REPS2; GLT1D1; RASGRP4; CD63; DYSF
2032,ctx-rh-frontalpole,R,Limbic system,0.0122907915426446,-0.001139443212614,0.0060975609756097,0.0022323988596728,0.0045477887321307,1.0647803227825723,0.9802234504478763,AGFV091; AGFV120; AGFV014; AGFV078; AGFV072; AGFV051; AGFV094; AGFV019; AGFV057; AGFV054; AGFV126; AGFV118; AGFV025; AGFV121; AGFV018,OSBPL2; PILRA; DOK3; PDLIM7; PYGL; PXN; NCF4; MAP3K3; FAM53C; STAT5B; REPS2; GLT1D1; CD63; RASGRP4; DYSF
58,Right-Accumbens-area,R,Subcortical,0.0121861789579275,-0.0005697216063069,0.0055740330130574,0.0024383870578623,0.0041909943054694,1.0651732239805998,0.981162179538032,AGFV091; AGFV120; AGFV014; AGFV078; AGFV072; AGFV051; AGFV094; AGFV019; AGFV057; AGFV054; AGFV126; AGFV118; AGFV025; AGFV121; AGFV018,OSBPL2; PILRA; DOK3; PYGL; PDLIM7; NCF4; PXN; FAM53C; MAP3K3; STAT5B; REPS2; GLT1D1; RASGRP4; CD63; DYSF
5,Left-Inf-Lat-Vent,,,0.0119448007107653,-0.0001077851687608,-0.0005235279625522,0.0037146382875102,0.0083089893667229,1.0709510946486915,0.9859692701008161,AGFV091; AGFV120; AGFV014; AGFV078; AGFV072; AGFV051; AGFV094; AGFV019; AGFV057; AGFV054; AGFV118; AGFV126; AGFV025; AGFV121; AGFV018,OSBPL2; PILRA; DOK3; PDLIM7; PYGL; NCF4; FAM53C; PXN; MAP3K3; STAT5B; REPS2; GLT1D1; DYSF; RASGRP4; CD63
1008,ctx-lh-inferiorparietal,L,Default Mode Network,0.011667932169727,-0.0010624538063562,0.0,0.0039025893864525,0.0077228242139401,1.0714468643541881,0.9866965722987259,AGFV091; AGFV120; AGFV014; AGFV078; AGFV072; AGFV051; AGFV094; AGFV019; AGFV057; AGFV054; AGFV118; AGFV126; AGFV025; AGFV121; AGFV018,OSBPL2; PILRA; DOK3; PDLIM7; PYGL; NCF4; FAM53C; PXN; MAP3K3; STAT5B; REPS2; GLT1D1; RASGRP4; DYSF; CD63
2020,ctx-rh-parstriangularis,R,Fronto-Parietal,0.0106594575500393,0.0016167775314116,0.0030487804878048,0.002017829949242,0.003699826487658,1.060005803544398,0.9761576869647183,AGFV091; AGFV120; AGFV014; AGFV078; AGFV072; AGFV051; AGFV094; AGFV019; AGFV057; AGFV054; AGFV126; AGFV118; AGFV025; AGFV121; AGFV018,OSBPL2; PILRA; DOK3; PYGL; PDLIM7; PXN; NCF4; MAP3K3; FAM53C; STAT5B; REPS2; GLT1D1; RASGRP4; CD63; DYSF
1002,ctx-lh-caudalanteriorcingulate,L,Ventral Attention,0.0104546023119239,-0.0006929046563194,-0.0030487804878048,0.0047798331489899,0.0091402112131356,1.066561585533683,0.9834100498226787,AGFV091; AGFV120; AGFV014; AGFV078; AGFV072; AGFV051; AGFV094; AGFV019; AGFV057; AGFV054; AGFV118; AGFV126; AGFV025; AGFV121; AGFV018,OSBPL2; PILRA; DOK3; PYGL; PDLIM7; NCF4; FAM53C; PXN; MAP3K3; STAT5B; REPS2; GLT1D1; DYSF; RASGRP4; SLC25A44
2006,ctx-rh-entorhinal,R,Limbic system,0.0103578364840224,0.0003849470312884,0.0025252525252524,0.0024552418263783,0.0047161520071805,1.0609020860926603,0.9771870175650189,AGFV091; AGFV120; AGFV014; AGFV078; AGFV072; AGFV051; AGFV094; AGFV019; AGFV057; AGFV054; AGFV126; AGFV118; AGFV025; AGFV121; AGFV018,OSBPL2; PILRA; DOK3; PDLIM7; PYGL; NCF4; PXN; FAM53C; MAP3K3; STAT5B; REPS2; GLT1D1; RASGRP4; DYSF; CD63
54,Right-Amygdala,R,Subcortical,0.0102026636339161,-0.0010008622813501,0.0025252525252524,0.002712213276057,0.0051373308321888,1.0607156648962097,0.9767594743401959,AGFV091; AGFV120; AGFV014; AGFV078; AGFV072; AGFV051; AGFV094; AGFV019; AGFV057; AGFV054; AGFV126; AGFV118; AGFV025; AGFV121; AGFV018,OSBPL2; PILRA; DOK3; PDLIM7; PYGL; NCF4; PXN; FAM53C; MAP3K3; STAT5B; REPS2; GLT1D1; RASGRP4; DYSF; CD63
255,CC_Anterior,,,0.009719166448576,0.0007544961813253,0.0,0.0029559288564966,0.0054562552229087,1.0593298394479005,0.9757679322363777,AGFV091; AGFV120; AGFV014; AGFV078; AGFV072; AGFV051; AGFV094; AGFV019; AGFV057; AGFV054; AGFV126; AGFV118; AGFV025; AGFV121; AGFV018,OSBPL2; PILRA; DOK3; PDLIM7; PYGL; NCF4; PXN; FAM53C; MAP3K3; STAT5B; REPS2; GLT1D1; RASGRP4; CD63; DYSF
1026,ctx-lh-rostralanteriorcingulate,L,Default Mode Network,0.0096302144003016,-0.0002155703375216,-0.0005235279625522,0.0033991013779639,0.0064177251345663,1.0598781215029691,0.9764673430911234,AGFV091; AGFV120; AGFV014; AGFV078; AGFV072; AGFV051; AGFV094; AGFV019; AGFV057; AGFV054; AGFV118; AGFV126; AGFV025; AGFV121; AGFV018,OSBPL2; PILRA; DOK3; PYGL; PDLIM7; NCF4; PXN; FAM53C; MAP3K3; STAT5B; REPS2; GLT1D1; RASGRP4; CD63; DYSF
1020,ctx-lh-parstriangularis,L,Default Mode Network,0.009479503259587,-0.0008776792313378,-0.0025252525252524,0.0045095517541904,0.007544153980219,1.0626290041843458,0.9774881605244066,AGFV091; AGFV120; AGFV014; AGFV078; AGFV072; AGFV051; AGFV094; AGFV019; AGFV057; AGFV054; AGFV118; AGFV126; AGFV025; AGFV121; AGFV018,OSBPL2; PILRA; DOK3; PDLIM7; PYGL; NCF4; MAP3K3; FAM53C; PXN; STAT5B; REPS2; GLT1D1; RASGRP4; DYSF; LILRA2
2002,ctx-rh-caudalanteriorcingulate,R,Ventral Attention,0.0094565991981884,-0.0011856368563687,0.0,0.0038423098685497,0.0062474399981621,1.0601103128211358,0.9766951466781428,AGFV091; AGFV120; AGFV014; AGFV078; AGFV072; AGFV051; AGFV094; AGFV019; AGFV057; AGFV054; AGFV118; AGFV126; AGFV025; AGFV121; AGFV018,OSBPL2; PILRA; DOK3; PYGL; PDLIM7; NCF4; FAM53C; PXN; MAP3K3; STAT5B; REPS2; GLT1D1; RASGRP4; DYSF; CD63
44,Right-Inf-Lat-Vent,,,0.0092837312693744,-0.0004773343187978,0.0,0.0032088287439691,0.0065522368442031,1.0591862390573477,0.976664693320717,AGFV091; AGFV120; AGFV014; AGFV078; AGFV072; AGFV051; AGFV094; AGFV019; AGFV057; AGFV054; AGFV118; AGFV126; AGFV025; AGFV121; AGFV018,OSBPL2; PILRA; DOK3; PYGL; PDLIM7; NCF4; FAM53C; PXN; MAP3K3; STAT5B; REPS2; GLT1D1; RASGRP4; DYSF; CD63
2015,ctx-rh-middletemporal,R,Default Mode Network,0.009087838089724,-0.0007852919438285,0.0025252525252524,0.0016221067127231,0.0054495277016543,1.0580908631394845,0.9750609261928047,AGFV091; AGFV120; AGFV014; AGFV078; AGFV072; AGFV051; AGFV094; AGFV019; AGFV057; AGFV054; AGFV126; AGFV118; AGFV025; AGFV121; AGFV018,OSBPL2; PILRA; DOK3; PYGL; PDLIM7; NCF4; FAM53C; PXN; MAP3K3; STAT5B; REPS2; GLT1D1; RASGRP4; DYSF; CD63
2011,ctx-rh-lateraloccipital,R,Visual,0.009016524827829,0.0007544961813252,-0.0005235279625522,0.0025474373842924,0.0056856330369183,1.0589976292347918,0.9759520613766774,AGFV091; AGFV120; AGFV014; AGFV078; AGFV072; AGFV051; AGFV094; AGFV019; AGFV057; AGFV054; AGFV126; AGFV118; AGFV025; AGFV121; AGFV018,OSBPL2; PILRA; DOK3; PYGL; PDLIM7; PXN; NCF4; FAM53C; MAP3K3; STAT5B; REPS2; GLT1D1; RASGRP4; CD63; DYSF
2005,ctx-rh-cuneus,R,Visual,0.008987981973464,-0.001508992362651,-0.0030487804878048,0.0044928054538817,0.0082242200882701,1.0637606147057226,0.9793573853584076,AGFV091; AGFV120; AGFV014; AGFV078; AGFV072; AGFV051; AGFV094; AGFV019; AGFV057; AGFV054; AGFV118; AGFV126; AGFV025; AGFV121; AGFV018,OSBPL2; PILRA; DOK3; PYGL; PDLIM7; NCF4; MAP3K3; PXN; FAM53C; STAT5B; REPS2; GLT1D1; RASGRP4; DYSF; CD63
2009,ctx-rh-inferiortemporal,R,Limbic system,0.0087307881051796,-0.0022634885439765,-0.0005235279625522,0.0036880948094558,0.0072772236144072,1.0586298486474977,0.975704450900009,AGFV091; AGFV120; AGFV014; AGFV078; AGFV072; AGFV051; AGFV094; AGFV019; AGFV057; AGFV054; AGFV118; AGFV126; AGFV025; AGFV121; AGFV018,OSBPL2; PILRA; DOK3; PYGL; PDLIM7; NCF4; FAM53C; PXN; MAP3K3; STAT5B; REPS2; GLT1D1; RASGRP4; DYSF; CD63
2014,ctx-rh-medialorbitofrontal,R,Limbic system,0.0086831119665569,-0.0013088199063809,0.0,0.0032262654977629,0.0062131801873296,1.0562786056610243,0.973487240283985,AGFV091; AGFV120; AGFV014; AGFV078; AGFV072; AGFV051; AGFV094; AGFV019; AGFV057; AGFV054; AGFV126; AGFV118; AGFV025; AGFV121; AGFV018,OSBPL2; PILRA; DOK3; PYGL; PDLIM7; NCF4; PXN; FAM53C; MAP3K3; STAT5B; REPS2; RASGRP4; GLT1D1; CD63; DYSF
2034,ctx-rh-transversetemporal,R,Somato-motor,0.0081175421084339,7.698940625766593e-05,0.0030487804878048,0.0016031108130263,0.0031124183074223,1.050877627291951,0.9686923974059728,AGFV091; AGFV120; AGFV014; AGFV078; AGFV072; AGFV051; AGFV094; AGFV019; AGFV057; AGFV054; AGFV126; AGFV118; AGFV025; AGFV121; AGFV018,OSBPL2; PILRA; DOK3; PYGL; PDLIM7; NCF4; PXN; FAM53C; MAP3K3; STAT5B; REPS2; GLT1D1; RASGRP4; CD63; DYSF
30,Left-vessel,,,0.0080049386892308,-1.539788125171082e-05,0.0,0.0030227431265935,0.0049975934438889,1.0543355698812014,0.9701854655422427,AGFV091; AGFV120; AGFV014; AGFV078; AGFV072; AGFV051; AGFV094; AGFV019; AGFV057; AGFV054; AGFV126; AGFV118; AGFV025; AGFV121; AGFV018,OSBPL2; PILRA; DOK3; PDLIM7; PYGL; NCF4; PXN; MAP3K3; FAM53C; STAT5B; REPS2; GLT1D1; RASGRP4; CD63; DYSF
2030,ctx-rh-superiortemporal,R,Somato-motor,0.0077570899339919,-0.0005389258438039,-0.0030487804878048,0.003228612488537,0.0078399406831411,1.0559096519148234,0.9737494919602231,AGFV091; AGFV120; AGFV014; AGFV078; AGFV072; AGFV051; AGFV094; AGFV019; AGFV057; AGFV054; AGFV118; AGFV126; AGFV025; AGFV121; AGFV018,OSBPL2; PILRA; DOK3; PYGL; PDLIM7; NCF4; FAM53C; PXN; MAP3K3; STAT5B; REPS2; GLT1D1; RASGRP4; DYSF; CD63
251,CC_Posterior,,,0.0073011187179428,-0.0004465385562947,0.0,0.0025555397723466,0.0046396313140455,1.0508382526234148,0.9681514445675665,AGFV091; AGFV120; AGFV014; AGFV078; AGFV072; AGFV051; AGFV094; AGFV019; AGFV057; AGFV054; AGFV126; AGFV118; AGFV025; AGFV121; AGFV018,OSBPL2; PILRA; DOK3; PDLIM7; PYGL; NCF4; PXN; FAM53C; MAP3K3; STAT5B; REPS2; GLT1D1; RASGRP4; CD63; DYSF
1005,ctx-lh-cuneus,L,Visual,0.0068703922231022,-0.0013704114313871,-0.0060975609756097,0.0045732511053098,0.009212627336944,1.05895469994559,0.9747374500007934,AGFV091; AGFV120; AGFV014; AGFV078; AGFV072; AGFV051; AGFV094; AGFV019; AGFV057; AGFV054; AGFV118; AGFV126; AGFV025; AGFV121; AGFV018,OSBPL2; PILRA; DOK3; PDLIM7; PYGL; NCF4; PXN; MAP3K3; FAM53C; STAT5B; REPS2; GLT1D1; RASGRP4; DYSF; CD63
252,CC_Mid_Posterior,,,0.0067791750075394,0.0002771618625276,0.0,0.0022052603719745,0.0037442665851918,1.0484549680154884,0.9654130238874329,AGFV091; AGFV120; AGFV014; AGFV078; AGFV072; AGFV051; AGFV094; AGFV019; AGFV057; AGFV054; AGFV126; AGFV118; AGFV025; AGFV121; AGFV018,OSBPL2; PILRA; DOK3; PDLIM7; PYGL; NCF4; PXN; FAM53C; MAP3K3; STAT5B; REPS2; GLT1D1; RASGRP4; CD63; DYSF
254,CC_Mid_Anterior,,,0.0066066039397829,0.0012472283813746,0.0,0.0015653793182923,0.0037939962401158,1.047918852273508,0.9653995010492871,AGFV091; AGFV120; AGFV014; AGFV078; AGFV072; AGFV051; AGFV094; AGFV019; AGFV057; AGFV054; AGFV126; AGFV118; AGFV025; AGFV121; AGFV018,OSBPL2; PILRA; DOK3; PDLIM7; PYGL; NCF4; PXN; FAM53C; MAP3K3; STAT5B; REPS2; GLT1D1; RASGRP4; CD63; DYSF
2026,ctx-rh-rostralanteriorcingulate,R,Default Mode Network,0.0064670456987851,0.0003541512687853,0.0005235279625523,0.0019315453567825,0.0031053349228195,1.0461758792461817,0.9638343506793521,AGFV091; AGFV120; AGFV014; AGFV078; AGFV072; AGFV051; AGFV094; AGFV019; AGFV057; AGFV054; AGFV126; AGFV118; AGFV025; AGFV121; AGFV018,OSBPL2; PILRA; DOK3; PYGL; PDLIM7; PXN; NCF4; MAP3K3; FAM53C; STAT5B; REPS2; GLT1D1; RASGRP4; CD63; DYSF
52,Right-Pallidum,R,Subcortical,0.00621495104138,-1.53978812515998e-05,-0.0030487804878048,0.0032138235375635,0.0057890627789504,1.049487081204852,0.9670384370843262,AGFV091; AGFV120; AGFV014; AGFV078; AGFV072; AGFV051; AGFV094; AGFV019; AGFV057; AGFV054; AGFV126; AGFV118; AGFV025; AGFV121; AGFV018,OSBPL2; PILRA; DOK3; PYGL; PDLIM7; NCF4; PXN; FAM53C; MAP3K3; STAT5B; REPS2; GLT1D1; RASGRP4; DYSF; CD63
85,Optic-Chiasm,,,0.005482321206754,-0.0007852919438285,0.0,0.0022721770836956,0.0034429498790417,1.0433536812508546,0.9610901950440688,AGFV091; AGFV120; AGFV014; AGFV078; AGFV072; AGFV051; AGFV094; AGFV019; AGFV057; AGFV054; AGFV126; AGFV118; AGFV025; AGFV121; AGFV018,OSBPL2; PILRA; DOK3; PDLIM7; PYGL; PXN; NCF4; MAP3K3; FAM53C; STAT5B; REPS2; GLT1D1; RASGRP4; CD63; DYSF
1032,ctx-lh-frontalpole,L,Limbic system,0.0054642524557809,-0.0014935944813994,0.0005235279625523,0.0018692898708112,0.0040125429159714,1.0443608973605414,0.961313185349142,AGFV091; AGFV120; AGFV014; AGFV078; AGFV072; AGFV051; AGFV094; AGFV019; AGFV057; AGFV054; AGFV126; AGFV118; AGFV025; AGFV121; AGFV018,OSBPL2; PILRA; DOK3; PDLIM7; PYGL; NCF4; PXN; FAM53C; MAP3K3; STAT5B; REPS2; GLT1D1; RASGRP4; CD63; DYSF
1001,ctx-lh-bankssts,L,Default Mode Network,0.0052256026697248,-0.0024636610002464,-0.0035723084503572,0.0033482268390899,0.0070846159994706,1.0487737046506234,0.9660990314823605,AGFV091; AGFV120; AGFV014; AGFV078; AGFV072; AGFV051; AGFV094; AGFV019; AGFV057; AGFV054; AGFV118; AGFV126; AGFV025; AGFV121; AGFV018,OSBPL2; PILRA; DOK3; PDLIM7; PYGL; NCF4; FAM53C; PXN; MAP3K3; STAT5B; REPS2; GLT1D1; RASGRP4; DYSF; CD63
2018,ctx-rh-parsopercularis,R,Fronto-Parietal,0.004770727949321,0.000261763981276,0.0,0.0015386953160104,0.0029702686520344,1.040556662759795,0.9587377559266091,AGFV091; AGFV120; AGFV014; AGFV078; AGFV072; AGFV051; AGFV094; AGFV019; AGFV057; AGFV054; AGFV126; AGFV118; AGFV025; AGFV121; AGFV018,OSBPL2; PILRA; DOK3; PYGL; PDLIM7; PXN; NCF4; MAP3K3; FAM53C; STAT5B; REPS2; GLT1D1; RASGRP4; CD63; DYSF
2027,ctx-rh-rostralmiddlefrontal,R,Fronto-Parietal,0.0047556161024821,-0.0027870165065287,-0.0055740330130573,0.0033728745084214,0.0091913049258015,1.0492470182724971,0.9663744371528756,AGFV091; AGFV120; AGFV014; AGFV078; AGFV072; AGFV051; AGFV094; AGFV019; AGFV057; AGFV054; AGFV118; AGFV126; AGFV025; AGFV121; AGFV018,OSBPL2; PILRA; DOK3; PDLIM7; PYGL; NCF4; FAM53C; MAP3K3; PXN; STAT5B; REPS2; GLT1D1; RASGRP4; DYSF; CD63
80,non-WM-hypointensities,,,0.0041216972412305,0.0001077851687607,0.0030487804878048,0.0002473288033034,0.0004415596874388,1.0349490984070544,0.9534656216631945,AGFV091; AGFV120; AGFV014; AGFV078; AGFV072; AGFV051; AGFV094; AGFV019; AGFV057; AGFV054; AGFV126; AGFV118; AGFV025; AGFV018; AGFV121,OSBPL2; PILRA; DOK3; PDLIM7; PYGL; PXN; NCF4; MAP3K3; STAT5B; FAM53C; REPS2; CD63; GLT1D1; RASGRP4; DYSF
2001,ctx-rh-bankssts,R,Default Mode Network,0.0040397763597629,0.0006621088938162,0.0,0.0010676761685217,0.0023099912974249,1.037723640878513,0.9559686801196663,AGFV091; AGFV120; AGFV014; AGFV078; AGFV072; AGFV051; AGFV094; AGFV019; AGFV057; AGFV054; AGFV126; AGFV118; AGFV025; AGFV121; AGFV018,OSBPL2; PILRA; DOK3; PDLIM7; PYGL; PXN; NCF4; MAP3K3; FAM53C; STAT5B; REPS2; GLT1D1; CD63; RASGRP4; DYSF
2033,ctx-rh-temporalpole,R,Limbic system,0.0032772041377926,-0.0001077851687608,0.0,0.0010376454997313,0.0023473438068221,1.0352426103531214,0.9539285387045772,AGFV091; AGFV120; AGFV014; AGFV078; AGFV072; AGFV051; AGFV094; AGFV019; AGFV057; AGFV054; AGFV126; AGFV118; AGFV025; AGFV121; AGFV018,OSBPL2; PILRA; DOK3; PYGL; PDLIM7; PXN; NCF4; FAM53C; MAP3K3; STAT5B; REPS2; GLT1D1; RASGRP4; CD63; DYSF
2019,ctx-rh-parsorbitalis,R,Default Mode Network,0.0002795494649275,0.0003387533875338,-0.0030487804878048,0.0008701011294097,0.0018432323418661,1.0258344067897012,0.9449612058010004,AGFV091; AGFV120; AGFV014; AGFV078; AGFV072; AGFV051; AGFV094; AGFV019; AGFV057; AGFV054; AGFV126; AGFV118; AGFV025; AGFV121; AGFV018,OSBPL2; PILRA; DOK3; PDLIM7; PYGL; PXN; NCF4; MAP3K3; FAM53C; STAT5B; REPS2; GLT1D1; RASGRP4; CD63; DYSF
