config,epoch,train_loss,train_mri_auc,train_mri_balanced_accuracy,train_alignment_cosine_mean,val_mri_auc,val_mri_balanced_accuracy,val_alignment_cosine_mean,val_alignment_subject_r,selection_score
agfv_h256_align050_contrast010,1,1.0314624243312411,0.9918217375844495,0.993006993006993,0.3067682981491089,0.9051282051282052,0.8012820512820513,0.15466076135635376,0.15500833396478786,1.7574786993577343
agfv_h256_align050_contrast010,2,0.567383822467592,0.9971553869858955,0.993006993006993,0.5637884140014648,0.8871794871794872,0.8012820512820513,0.3268047273159027,0.32958856581812157,1.8395676324715997
agfv_h256_align050_contrast010,3,0.4822890857855479,0.9975109636126586,0.993006993006993,0.7101927399635315,0.8641025641025641,0.8179487179487179,0.4368728697299957,0.44114425299905724,1.8983321410309302
agfv_h256_align050_contrast010,4,0.44210755825042725,0.9978665402394217,0.993006993006993,0.7945006489753723,0.858974358974359,0.8179487179487179,0.5060357451438904,0.5108224950203829,1.9339306305485597
agfv_h256_align050_contrast010,5,0.41873322592841256,0.9979850657816759,0.993006993006993,0.8446363210678101,0.8641025641025641,0.8179487179487179,0.5523059964179993,0.5574587787830069,1.9676090416279746
agfv_h256_align050_contrast010,6,0.4230535129706065,0.997985065781676,0.993006993006993,0.8730813264846802,0.8615384615384616,0.8179487179487179,0.5806775093078613,0.5861209374834817,1.9817122959942348
agfv_h256_align050_contrast010,7,0.41185391280386185,0.998340642408439,0.993006993006993,0.8895865082740784,0.8641025641025641,0.8179487179487179,0.5973996520042419,0.6031076398663289,1.9946674190354132
agfv_h256_align050_contrast010,8,0.3948126898871528,0.9989332701197108,0.993006993006993,0.8968914747238159,0.8615384615384616,0.8179487179487179,0.6075398921966553,0.6134752411094535,1.997736687150524
agfv_h256_align050_contrast010,9,0.4021024273501502,0.9988147445774564,0.993006993006993,0.90004563331604,0.858974358974359,0.8179487179487179,0.6144003868103027,0.6203087710032231,1.9989193483293448
agfv_h256_align050_contrast010,10,0.39343756768438554,0.9991703212042196,0.993006993006993,0.9019755721092224,0.8615384615384616,0.7794871794871795,0.618538498878479,0.6244007396643103,1.960062213453476
agfv_h256_align050_contrast010,11,0.3881254692872365,0.9989332701197108,0.993006993006993,0.90426105260849,0.8615384615384616,0.7794871794871795,0.624430239200592,0.6299266928256188,1.9635962365933393
agfv_h256_align050_contrast010,12,0.38679124580489266,0.9988147445774564,0.993006993006993,0.9077305793762207,0.8692307692307694,0.7794871794871795,0.6293830275535583,0.6343193282213578,1.9753758269868886
agfv_h256_align050_contrast010,13,0.38680699798795914,0.9990517956619651,0.993006993006993,0.9063252210617065,0.8897435897435898,0.7794871794871795,0.6308847665786743,0.6354423050730474,1.999793180111683
agfv_h256_align050_contrast010,14,0.39071285393502975,0.9990517956619651,0.993006993006993,0.9064900875091553,0.8974358974358975,0.7794871794871795,0.6311356425285339,0.6354159701697001,2.008762138442432
agfv_h256_align050_contrast010,15,0.3821950587961409,0.9992888467464739,0.993006993006993,0.9058099985122681,0.9025641025641026,0.7794871794871795,0.6326100826263428,0.6367926828973052,2.0154989079988566
agfv_h256_align050_contrast010,16,0.37824760211838615,0.9995258978309826,0.993006993006993,0.904262900352478,0.9051282051282052,0.7794871794871795,0.6352247595787048,0.6394629502662107,2.01998643349797
agfv_h256_align050_contrast010,17,0.37684205174446106,0.9992888467464739,0.993006993006993,0.9118262529373169,0.8948717948717949,0.7794871794871795,0.6355443000793457,0.6396869690612251,2.008409291495596
agfv_h256_align050_contrast010,18,0.3772478136751387,0.9992888467464739,0.993006993006993,0.9166288375854492,0.8846153846153847,0.8179487179487179,0.6349872946739197,0.6387666803223755,2.0404746573548955
agfv_h256_align050_contrast010,19,0.38024618559413487,0.999644423373237,0.993006993006993,0.9080198407173157,0.8846153846153847,0.7794871794871795,0.6338961124420166,0.637835460653799,1.9955518385473023
agfv_h256_align050_contrast010,20,0.39533063107066685,0.9995258978309826,0.993006993006993,0.907640278339386,0.8846153846153847,0.7794871794871795,0.633618950843811,0.6374987733603595,1.9953973678501942
agfv_h256_align050_contrast010,21,0.377234290043513,0.9995258978309826,0.993006993006993,0.8958064913749695,0.8948717948717949,0.7794871794871795,0.631804347038269,0.6356461791930009,2.0060996783255587
agfv_h256_align050_contrast010,22,0.41749516791767544,0.9992888467464739,0.993006993006993,0.9159687161445618,0.905128205128205,0.8179487179487179,0.627957284450531,0.631028251023931,2.0597755529031003
agfv_h256_align050_contrast010,23,0.386112329032686,0.9994073722887282,0.993006993006993,0.9024531245231628,0.8999999999999999,0.7794871794871795,0.6294280886650085,0.6326433706050466,2.0105264830089067
agfv_h256_align050_contrast010,24,0.3654789990848965,0.9995258978309826,0.993006993006993,0.9010894298553467,0.9051282051282052,0.7794871794871795,0.6271436810493469,0.6303635731364086,2.0150359565203106
agfv_h256_align050_contrast010,25,0.36780161990059745,0.9997629489154913,0.993006993006993,0.9002467393875122,0.9025641025641027,0.7794871794871795,0.6264322996139526,0.6297054195518047,2.0116301748327587
agfv_h256_align050_contrast010,26,0.3808041413625081,0.9995258978309826,0.993006993006993,0.910282552242279,0.8974358974358975,0.8179487179487179,0.6212871670722961,0.6240889851696331,2.046864856119723
agfv_h256_align050_contrast010,27,0.36657535367541844,0.9997629489154913,0.993006993006993,0.9047396779060364,0.8974358974358975,0.8179487179487179,0.6196114420890808,0.6226520926625873,2.0458477467147342
agfv_h256_align050_contrast010,28,0.3658609290917714,0.9997629489154913,0.993006993006993,0.897339940071106,0.8948717948717949,0.7794871794871795,0.6185890436172485,0.6217002323748355,1.9980618742705556
agfv_h256_align050_contrast010,29,0.37004656593004864,0.999644423373237,0.993006993006993,0.9052330851554871,0.8974358974358975,0.7794871794871795,0.6168860793113708,0.6198854696395979,1.999995412624149
agfv_h256_align050_contrast010,30,0.3821985059314304,0.9997629489154913,0.993006993006993,0.9017333984375,0.8974358974358975,0.7794871794871795,0.6170639395713806,0.6201996203119483,2.000097978990051
agfv_h256_align050_contrast010,31,0.36575689084000057,0.9997629489154913,0.993006993006993,0.9073854684829712,0.9012820512820514,0.8179487179487179,0.6139624118804932,0.6168741840323111,2.04686851767049
agfv_h256_align050_contrast010,32,0.3667496144771576,0.999644423373237,0.993006993006993,0.9004526138305664,0.9025641025641027,0.7794871794871795,0.6149333119392395,0.618070226301498,2.0047349405017094
agfv_h256_align050_contrast010,33,0.3600836594899495,0.999644423373237,0.993006993006993,0.8957818746566772,0.8999999999999999,0.7794871794871795,0.6139346957206726,0.6171136929560295,2.001191261109161
agfv_h256_align050_contrast010,34,0.3607157833046383,0.999644423373237,0.993006993006993,0.9033462405204773,0.8999999999999999,0.7794871794871795,0.6099684834480286,0.6129821555426187,1.998795001231498
agfv_h256_align050_contrast010,35,0.3709538413418664,0.999644423373237,0.993006993006993,0.9030048847198486,0.894871794871795,0.7794871794871795,0.6073759198188782,0.6104303808023779,1.9913461060454631
agfv_h256_align050_contrast010,36,0.36977433661619824,0.9997629489154913,0.993006993006993,0.8938028812408447,0.8948717948717948,0.7794871794871795,0.6081958413124084,0.6114363400764187,1.9918388838882939
agfv_h256_align050_contrast010,37,0.36970597340001,0.999644423373237,0.993006993006993,0.8919760584831238,0.8948717948717948,0.7794871794871795,0.6066498160362244,0.6098346808336375,1.9909234841572618
agfv_h256_align050_contrast010,38,0.36135660608609516,0.999644423373237,0.993006993006993,0.8982040882110596,0.9025641025641027,0.7794871794871795,0.603705883026123,0.606640307706598,1.9979782341856616
agfv_h256_align050_contrast010,39,0.3633132841851976,0.9996444233732369,0.993006993006993,0.8976109623908997,0.9025641025641027,0.7794871794871795,0.6016130447387695,0.6044658368498655,1.9967143679563113
agfv_h256_align050_contrast010,40,0.3585420134994719,0.9997629489154913,0.993006993006993,0.8905905485153198,0.9025641025641027,0.7794871794871795,0.6014196872711182,0.6045307077895573,1.996606397485117
agfv_h256_align050_contrast010,41,0.3624362217055427,0.9997629489154912,0.993006993006993,0.8937631845474243,0.9025641025641027,0.7794871794871795,0.5989866852760315,0.6018563370401129,1.995122459412629
agfv_h256_align050_contrast010,42,0.3623296750916375,0.9997629489154913,0.993006993006993,0.8938465714454651,0.9025641025641027,0.7794871794871795,0.5981484055519104,0.6010347809735722,1.9946211639439142
agfv_h256_align050_contrast010,43,0.350274372431967,0.9997629489154913,0.9965034965034965,0.880083441734314,0.9025641025641027,0.7794871794871795,0.5986742377281189,0.6019744110283994,1.994453567513026
agfv_h256_align050_contrast010,44,0.35906854271888733,0.999644423373237,0.993006993006993,0.8943257927894592,0.9076923076923077,0.7794871794871795,0.5931535363197327,0.5959375685397977,1.9975292228132218
agfv_h256_align050_contrast010,45,0.37183742721875507,0.9995258978309827,0.993006993006993,0.8924344778060913,0.8948717948717949,0.8179487179487179,0.5874506831169128,0.5901899835708967,2.0236079960334394
agfv_h256_align050_contrast010,46,0.365661879380544,0.999644423373237,0.993006993006993,0.8875532746315002,0.8846153846153847,0.8179487179487179,0.5871761441230774,0.590003222099504,2.011639399763173
agfv_h256_align050_contrast010,47,0.3641376992066701,0.9997629489154913,0.9965034965034965,0.8676233291625977,0.8923076923076924,0.7794871794871795,0.5873103737831116,0.5904707496009124,1.9758263976029016
agfv_h256_align050_contrast010,48,0.3504618439409468,0.9995258978309826,0.993006993006993,0.8799540996551514,0.8923076923076922,0.7794871794871795,0.588088870048523,0.5912353779384724,1.9768521417565148
agfv_h256_align050_contrast010,49,0.365597696767913,0.9995258978309826,0.993006993006993,0.8818495273590088,0.8923076923076924,0.7794871794871795,0.5876986980438232,0.5908463091602758,1.9766181488763455
agfv_h256_align050_contrast010,50,0.36313507623142666,0.9997629489154913,0.993006993006993,0.8746420741081238,0.8923076923076924,0.7794871794871795,0.5876118540763855,0.5910625875181477,1.9765607970657375
agfv_h256_align050_contrast010,51,0.393129449751642,0.9997629489154913,0.993006993006993,0.8795223236083984,0.8820512820512821,0.8179487179487179,0.5839534401893616,0.5870176282928643,2.0067629916355947
agfv_h256_align050_contrast010,52,0.42034053802490234,0.9994073722887282,0.993006993006993,0.8802137970924377,0.882051282051282,0.8012820512820513,0.574256956577301,0.5769695526462898,1.9817966120922546
agfv_h256_align050_contrast010,53,0.3773852851655748,0.9994073722887282,0.993006993006993,0.8762508630752563,0.8846153846153847,0.7794871794871795,0.5785672664642334,0.5814987666246771,1.9622893038181748
agfv_h256_align050_contrast010,54,0.3713608317905002,0.9995258978309826,0.993006993006993,0.8697462677955627,0.9153846153846154,0.7794871794871795,0.5747694969177246,0.5779363766013594,1.9954010165958658
agfv_h256_align050_contrast010,55,0.3661685453520881,0.999644423373237,0.993006993006993,0.8622732758522034,0.917948717948718,0.7410256410256411,0.5719209909439087,0.5754831114544912,1.9524316069808816
agfv_h256_align050_contrast010,56,0.36857203642527264,0.9997629489154913,0.993006993006993,0.8538318276405334,0.9153846153846155,0.7576923076923077,0.5700741410255432,0.5737186725337647,1.9675319080162368
agfv_h256_align050_contrast010,57,0.3897411823272705,0.9998814744577457,0.993006993006993,0.8508601188659668,0.9153846153846155,0.7576923076923077,0.5702537298202515,0.5742140570660544,1.9676534620354822
agfv_h256_align050_contrast010,58,0.3595213227801853,0.9997629489154913,0.993006993006993,0.8485665917396545,0.9153846153846155,0.7576923076923077,0.5706607103347778,0.5749657403725603,1.967949899454734
agfv_h256_align050_contrast010,59,0.35951777961519027,0.9997629489154913,0.993006993006993,0.8538727760314941,0.9153846153846155,0.7743589743589744,0.5764002203941345,0.5806629512165369,1.9905560422354767
agfv_h256_align050_contrast010,60,0.36123764514923096,0.9998814744577457,0.993006993006993,0.8581228852272034,0.9153846153846155,0.7743589743589744,0.5804714560508728,0.5846898208993474,1.9929765682007887
agfv_h256_align050_contrast010,61,0.35819974541664124,0.9997629489154913,0.993006993006993,0.8613149523735046,0.9153846153846155,0.7743589743589744,0.5821462869644165,0.586174256989458,1.99398020609791
agfv_h256_align050_contrast010,62,0.35720956325531006,0.9997629489154913,0.993006993006993,0.8513616323471069,0.9128205128205129,0.7743589743589744,0.5802760720252991,0.584643177212954,1.9899432727019828
agfv_h256_align050_contrast010,63,0.34922992520862156,0.9997629489154913,0.993006993006993,0.8596391081809998,0.9128205128205129,0.7743589743589744,0.5823248624801636,0.5864921416640866,1.9911525643745283
agfv_h256_align050_contrast010,64,0.36477433310614693,0.9997629489154913,0.993006993006993,0.8632314205169678,0.9128205128205129,0.7743589743589744,0.5826857686042786,0.5865456916476641,1.9913383724349438
agfv_h256_align050_contrast010,65,0.3572092917230394,0.9997629489154913,0.9965034965034965,0.8484794497489929,0.9076923076923078,0.7743589743589744,0.5791929960250854,0.5838600129763482,1.982901506856304
agfv_h256_align050_contrast010,66,0.34710458914438885,0.9997629489154913,0.993006993006993,0.8610637187957764,0.9076923076923078,0.7743589743589744,0.5820631384849548,0.5859356703520124,1.9850686193482805
agfv_h256_align050_contrast010,67,0.3529436919424269,0.9997629489154913,0.9965034965034965,0.8526845574378967,0.9064102564102565,0.7743589743589744,0.5815749764442444,0.5858503740442288,1.9828171741983127
agfv_h256_align050_contrast010,68,0.3519589304924011,0.9997629489154913,0.993006993006993,0.8599686026573181,0.9128205128205129,0.7743589743589744,0.5841132998466492,0.5881569544367359,1.9922132643350359
agfv_h256_align050_contrast010,69,0.34737636314498055,0.9998814744577457,0.9965034965034965,0.8558728694915771,0.9128205128205129,0.7743589743589744,0.5817825794219971,0.5860131262799111,1.9902912669512136
agfv_h256_align050_contrast010,70,0.3449782133102417,0.9998814744577457,0.9965034965034965,0.8452953696250916,0.9076923076923077,0.7743589743589744,0.5757461786270142,0.5805617885166151,1.9808304968799566
agfv_h256_align050_contrast010,71,0.3592793941497803,0.9997629489154913,0.993006993006993,0.852664589881897,0.9102564102564104,0.7743589743589744,0.5758172869682312,0.5803716909839531,1.984338013601831
agfv_h256_align050_contrast010,72,0.35690683126449585,0.9997629489154913,0.9965034965034965,0.8458701968193054,0.9128205128205129,0.7743589743589744,0.5757960081100464,0.5808596165437597,1.9868004091529614
agfv_h256_align050_contrast010,73,0.349313595228725,0.9997629489154913,0.9965034965034965,0.8393048048019409,0.9128205128205129,0.7743589743589744,0.5713070631027222,0.576775345751431,1.9841475095700667
agfv_h256_align050_contrast010,74,0.3449256718158722,0.9997629489154913,0.9965034965034965,0.8453195691108704,0.9102564102564104,0.7743589743589744,0.5691671371459961,0.574199576699133,1.979871251737756
agfv_h256_align050_contrast010,75,0.34469983809524113,0.9997629489154913,0.993006993006993,0.8478109240531921,0.9153846153846155,0.7576923076923077,0.5685581564903259,0.573205007636691,1.966722549258921
agfv_h256_align050_contrast010,76,0.3578666713502672,0.9997629489154913,0.9965034965034965,0.837497353553772,0.9102564102564104,0.7743589743589744,0.5668888092041016,0.572503047961055,1.9785624348930007
agfv_h256_align050_contrast010,77,0.3501364721192254,0.9997629489154913,0.9965034965034965,0.8436185717582703,0.9153846153846155,0.7576923076923077,0.5698679089546204,0.5746923567850325,1.967001684881427
agfv_h256_align050_contrast010,78,0.39745989110734725,0.9997629489154913,0.993006993006993,0.8448294401168823,0.917948717948718,0.7794871794871795,0.569467306137085,0.5740860235652874,1.9952780461879809
agfv_h256_align050_contrast010,79,0.35681673222117954,0.9997629489154913,0.9965034965034965,0.825135350227356,0.9153846153846155,0.7576923076923077,0.562706470489502,0.5684911405862508,1.9628008440289895
agfv_h256_align050_contrast010,80,0.3480464683638679,0.9997629489154913,0.9965034965034965,0.8298569321632385,0.9153846153846155,0.7576923076923077,0.5628576874732971,0.5683301896454347,1.9628603574268055
agfv_h256_align050_contrast010,81,0.35422245330280727,0.9997629489154913,0.993006993006993,0.8350697755813599,0.9128205128205128,0.7410256410256411,0.5660901069641113,0.5716031039041866,1.9432129495071784
agfv_h256_align050_contrast010,82,0.34377906885412,0.9997629489154913,0.9965034965034965,0.8264307975769043,0.9102564102564102,0.7743589743589744,0.5657793283462524,0.5718358118038924,1.9779409708483595
agfv_h256_align050_contrast010,83,0.3527831766340468,0.9997629489154913,0.9965034965034965,0.8275076746940613,0.9128205128205129,0.7743589743589744,0.5655266046524048,0.5718899265712856,1.9807687384268933
agfv_h256_align050_contrast010,84,0.3704274296760559,0.9997629489154913,0.993006993006993,0.8333900570869446,0.9128205128205128,0.7576923076923077,0.5677364468574524,0.5737216518671232,1.9634146409168092
agfv_h256_align050_contrast010,85,0.33940627839830184,0.9997629489154913,0.9965034965034965,0.8203244209289551,0.9102564102564102,0.7743589743589744,0.5641984939575195,0.5706366170092789,1.9770306341745318
agfv_h256_align050_contrast010,86,0.3481350541114807,0.9998814744577457,0.9965034965034965,0.8300427794456482,0.9128205128205128,0.7743589743589744,0.5700762271881104,0.5760116333079633,1.9834379415370753
agfv_h256_align050_contrast010,87,0.3631835944122738,0.9998814744577457,0.9965034965034965,0.8317052125930786,0.9128205128205128,0.7743589743589744,0.5713857412338257,0.577213757275964,1.984212910956733
agfv_h256_align050_contrast010,88,0.3862539761596256,0.9997629489154913,0.9965034965034965,0.8215363621711731,0.9102564102564102,0.7743589743589744,0.567554771900177,0.5733263122645617,1.978977742671389
agfv_h256_align050_contrast010,89,0.3432210352685716,0.9997629489154913,0.9965034965034965,0.8238022327423096,0.9128205128205128,0.7576923076923077,0.5672904849052429,0.5729695762126107,1.9625919768507776
agfv_h256_align050_contrast010,90,0.3484150701098972,0.9997629489154913,0.993006993006993,0.8258963227272034,0.9128205128205128,0.7576923076923077,0.5673851370811462,0.5731173059198247,1.9631785514339262
agfv_h256_align050_contrast010,91,0.3547624349594116,0.9997629489154913,0.9965034965034965,0.8169595003128052,0.9128205128205128,0.7743589743589744,0.5642256736755371,0.570349042044577,1.9799641844857883
agfv_h256_align050_contrast010,92,0.3471237123012543,0.9997629489154913,0.9965034965034965,0.8254227042198181,0.9102564102564104,0.7576923076923077,0.5676262378692627,0.5731588109967922,1.9598300588624882
agfv_h256_align050_contrast010,93,0.35585520995987785,0.9997629489154913,0.993006993006993,0.8277556896209717,0.9102564102564104,0.7576923076923077,0.567787230014801,0.5734870190097308,1.960467851261027
agfv_h256_align050_contrast010,94,0.34395386775334674,0.9997629489154913,0.9965034965034965,0.8173502087593079,0.9102564102564102,0.7743589743589744,0.5613736510276794,0.5680531477137939,1.975359865780063
agfv_h256_align050_contrast010,95,0.34756553504202103,0.9997629489154913,0.9965034965034965,0.8206749558448792,0.9128205128205128,0.7743589743589744,0.5599738955497742,0.5666886804084719,1.9774722592592964
agfv_h256_align050_contrast010,96,0.3502296772268083,0.9997629489154913,0.993006993006993,0.8186737895011902,0.9128205128205128,0.7576923076923077,0.5560300350189209,0.5625890098713963,1.9564481707979708
agfv_h256_align050_contrast010,97,0.3444615867402818,0.9997629489154913,0.9965034965034965,0.8144046068191528,0.9128205128205128,0.7576923076923077,0.5554765462875366,0.5619917522879686,1.9555872251494602
agfv_h256_align050_contrast010,98,0.34824197822146946,0.9997629489154913,0.9965034965034965,0.8175095915794373,0.9128205128205128,0.7576923076923077,0.5577322244644165,0.5641658112679561,1.956932470135899
agfv_h256_align050_contrast010,99,0.33750444816218483,0.9998814744577457,0.9965034965034965,0.8148525953292847,0.9102564102564102,0.7576923076923077,0.554579496383667,0.5608041071631731,1.9520534389049897
agfv_h256_align050_contrast010,100,0.3384675582249959,0.9997629489154913,0.9965034965034965,0.812721312046051,0.9102564102564102,0.7743589743589744,0.5538416504859924,0.5602019612457471,1.9708087468624151
agfv_h256_align050_contrast010,101,0.34684472613864475,0.9998814744577458,0.9965034965034965,0.8059879541397095,0.9102564102564102,0.7743589743589744,0.5491546988487244,0.5557781027303897,1.9680051063609072
agfv_h256_align050_contrast010,102,0.32919671800401473,0.9998814744577457,0.9965034965034965,0.8126223087310791,0.9128205128205128,0.7576923076923077,0.5521993041038513,0.557994554048095,1.9535311054022921
agfv_h256_align100_contrast010,1,1.038542674647437,0.9920587886689581,0.993006993006993,0.3111521005630493,0.9076923076923078,0.8012820512820513,0.15913482010364532,0.159534844491915,1.7630815400701345
agfv_h256_align100_contrast010,2,0.5718599127398597,0.9971553869858955,0.993006993006993,0.5699832439422607,0.8743589743589745,0.8012820512820513,0.33295968174934387,0.33584215129704,1.8285268784926225
agfv_h256_align100_contrast010,3,0.48536169197824264,0.9978665402394217,0.993006993006993,0.7171617150306702,0.8641025641025641,0.8179487179487179,0.44361597299575806,0.4479410648375106,1.9023300373536423
agfv_h256_align100_contrast010,4,0.44420404566658866,0.997985065781676,0.993006993006993,0.8005079030990601,0.8564102564102565,0.8179487179487179,0.5120446681976318,0.5167820423880858,1.9345645500321447
agfv_h256_align100_contrast010,5,0.42034346527523464,0.997985065781676,0.993006993006993,0.849177896976471,0.8641025641025641,0.8179487179487179,0.5572046041488647,0.562158825558776,1.9705283501709838
agfv_h256_align100_contrast010,6,0.4245755904250675,0.997985065781676,0.993006993006993,0.8768723011016846,0.8692307692307694,0.8179487179487179,0.5849762558937073,0.590145214916283,1.9931102508765923
agfv_h256_align100_contrast010,7,0.4131104350090027,0.9984591679506934,0.993006993006993,0.8929058909416199,0.8641025641025641,0.8179487179487179,0.6013050079345703,0.6066600813527052,1.9969575623178768
agfv_h256_align100_contrast010,8,0.3960471385055118,0.9988147445774564,0.993006993006993,0.8999723196029663,0.8615384615384616,0.8179487179487179,0.6109245419502258,0.616421334666528,1.9997414002143545
agfv_h256_align100_contrast010,9,0.40337549646695453,0.9988147445774564,0.993006993006993,0.9030411243438721,0.858974358974359,0.8179487179487179,0.6175109148025513,0.622907395092005,2.0007344747343474
agfv_h256_align100_contrast010,10,0.3948948449558682,0.9990517956619651,0.993006993006993,0.9050242900848389,0.8615384615384616,0.7794871794871795,0.6215377449989319,0.6267940593837737,1.9618189473169867
agfv_h256_align100_contrast010,11,0.3892480168077681,0.9989332701197108,0.993006993006993,0.9071898460388184,0.8615384615384616,0.7794871794871795,0.6273605227470398,0.6321971848685212,1.9652884275708533
agfv_h256_align100_contrast010,12,0.3879079355133904,0.9988147445774564,0.993006993006993,0.9103139638900757,0.8641025641025641,0.7794871794871795,0.6319203972816467,0.6361682453129317,1.9709319676626542
agfv_h256_align100_contrast010,13,0.3878656592633989,0.9990517956619651,0.993006993006993,0.9089438319206238,0.8743589743589745,0.7794871794871795,0.6328096389770508,0.6366897124928433,1.983188049360543
agfv_h256_align100_contrast010,14,0.3917989962630802,0.9991703212042196,0.993006993006993,0.9085209965705872,0.8897435897435898,0.7794871794871795,0.6330119967460632,0.6365952636791326,2.0009543122246476
agfv_h256_align100_contrast010,15,0.3834436933199565,0.9992888467464739,0.993006993006993,0.9079803824424744,0.9025641025641026,0.7794871794871795,0.6340504288673401,0.637519496358276,2.016291762465452
agfv_h256_align100_contrast010,16,0.3790683713224199,0.9994073722887282,0.993006993006993,0.9068936109542847,0.9,0.7794871794871795,0.6368034482002258,0.6402382885745893,2.0149736545734704
agfv_h256_align100_contrast010,17,0.37793126702308655,0.9994073722887282,0.993006993006993,0.9138497710227966,0.8923076923076924,0.7794871794871795,0.6379665732383728,0.6413148148069643,2.0068167158696273
agfv_h256_align100_contrast010,18,0.37840720017751056,0.9990517956619651,0.993006993006993,0.918856680393219,0.8897435897435898,0.7794871794871795,0.6380149722099304,0.6410335833309757,2.0039174107531035
agfv_h256_align100_contrast010,19,0.38166776961750454,0.999288846746474,0.993006993006993,0.9107511639595032,0.8846153846153847,0.7794871794871795,0.6371247172355652,0.6402940874980277,1.9974653401225142
agfv_h256_align100_contrast010,20,0.39653663171662223,0.9994073722887282,0.993006993006993,0.9108861088752747,0.8897435897435897,0.7794871794871795,0.6363758444786072,0.6394889083419883,2.0028900428945287
agfv_h256_align100_contrast010,21,0.3785451253255208,0.9995258978309826,0.993006993006993,0.8989167213439941,0.905128205128205,0.7794871794871795,0.6336411237716675,0.6367041898112706,2.0189187395489565
agfv_h256_align100_contrast010,22,0.41946863134702045,0.9992888467464739,0.993006993006993,0.918108344078064,0.8999999999999999,0.8179487179487179,0.6294256448745728,0.6317577782612354,2.0546852499414157
agfv_h256_align100_contrast010,23,0.3877047366566128,0.9994073722887282,0.993006993006993,0.9064169526100159,0.9051282051282052,0.7794871794871795,0.6305078864097595,0.633097121529859,2.0170091928711997
agfv_h256_align100_contrast010,24,0.36604391866260105,0.9994073722887282,0.993006993006993,0.9033292531967163,0.9051282051282051,0.7794871794871795,0.6277903318405151,0.6304356476638506,2.0153842681999765
agfv_h256_align100_contrast010,25,0.369931740893258,0.9995258978309826,0.993006993006993,0.9007076025009155,0.9051282051282052,0.7794871794871795,0.6272751688957214,0.6299570555488359,2.015061048684741
agfv_h256_align100_contrast010,26,0.3818708293967777,0.9994073722887282,0.993006993006993,0.9116247296333313,0.9025641025641027,0.8179487179487179,0.6231451034545898,0.6253498729703153,2.053835127819712
agfv_h256_align100_contrast010,27,0.3689284026622772,0.9995258978309826,0.993006993006993,0.9067315459251404,0.8974358974358975,0.8179487179487179,0.6230263710021973,0.6254586868047524,2.047871428248185
agfv_h256_align100_contrast010,28,0.36771515674061245,0.999644423373237,0.993006993006993,0.8988105058670044,0.8948717948717949,0.7794871794871795,0.6225784420967102,0.6251806244244157,2.0004223915465826
agfv_h256_align100_contrast010,29,0.37339044941796196,0.999644423373237,0.993006993006993,0.9070106148719788,0.8974358974358975,0.8179487179487179,0.6197978258132935,0.6221700560575801,2.0459105137476783
agfv_h256_align100_contrast010,30,0.38195236523946124,0.9997629489154913,0.993006993006993,0.9038337469100952,0.8948717948717949,0.7794871794871795,0.6192036867141724,0.6216962516114066,1.998368797742675
agfv_h256_align100_contrast010,31,0.36548597779538894,0.9997629489154913,0.993006993006993,0.9082626700401306,0.8974358974358975,0.8179487179487179,0.6157985329627991,0.6181758115061634,2.0434936640359513
agfv_h256_align100_contrast010,32,0.3674652874469757,0.999644423373237,0.993006993006993,0.9020175933837891,0.8974358974358975,0.7794871794871795,0.6160928010940552,0.6187436975418529,1.9994845963057168
agfv_h256_align100_contrast010,33,0.36228307750489974,0.999644423373237,0.993006993006993,0.8989503979682922,0.9000000000000001,0.7794871794871795,0.6152421236038208,0.6179385893662591,2.0019274646917586
agfv_h256_align100_contrast010,34,0.3590035074286991,0.9997629489154913,0.993006993006993,0.9035887122154236,0.9025641025641027,0.7794871794871795,0.6126657724380493,0.6152741526155535,2.003303784551182
agfv_h256_align100_contrast010,35,0.37111765808529323,0.9997629489154913,0.993006993006993,0.9025639295578003,0.8999999999999999,0.7794871794871795,0.6104356050491333,0.6130757838325447,1.9990201460297046
agfv_h256_align100_contrast010,36,0.3686612645785014,0.9997629489154913,0.993006993006993,0.8973516821861267,0.9025641025641027,0.7794871794871795,0.6105644106864929,0.6132542042601412,2.0020511088398627
agfv_h256_align100_contrast010,37,0.36953596770763397,0.9997629489154913,0.993006993006993,0.8955757021903992,0.9025641025641027,0.7794871794871795,0.610515832901001,0.6131113583322679,2.0020125353543294
agfv_h256_align100_contrast010,38,0.36083079212241703,0.9997629489154913,0.993006993006993,0.9014539122581482,0.9076923076923078,0.7794871794871795,0.6078711748123169,0.6101459387315423,2.0062911002473505
agfv_h256_align100_contrast010,39,0.3588240709569719,0.9997629489154912,0.993006993006993,0.8984470367431641,0.9076923076923078,0.7794871794871795,0.6072799563407898,0.6095460921852528,2.0059355063569577
agfv_h256_align100_contrast010,40,0.3667687922716141,0.9997629489154913,0.993006993006993,0.8994778394699097,0.9076923076923078,0.7794871794871795,0.603453516960144,0.6055917235398737,2.0036268498020973
agfv_h256_align100_contrast010,41,0.36561668912569684,0.9997629489154913,0.993006993006993,0.8956291079521179,0.9025641025641027,0.7794871794871795,0.6027761697769165,0.604848796968199,1.9973164476558802
agfv_h256_align100_contrast010,42,0.35502196351687115,0.9997629489154913,0.993006993006993,0.8915371894836426,0.9025641025641027,0.7794871794871795,0.6025915741920471,0.604773506863277,1.9972166208529532
agfv_h256_align100_contrast010,43,0.35542655487855274,0.9998814744577457,0.9965034965034965,0.8839879631996155,0.9025641025641027,0.7794871794871795,0.6015143990516663,0.6038999993411615,1.9960484281747377
agfv_h256_align100_contrast010,44,0.36054662532276577,0.999644423373237,0.993006993006993,0.8962967395782471,0.9051282051282052,0.8179487179487179,0.5931435823440552,0.5952589193288841,2.038738432186343
agfv_h256_align100_contrast010,45,0.37671391003661686,0.9994073722887282,0.993006993006993,0.8944856524467468,0.8923076923076924,0.8179487179487179,0.5856454372406006,0.5877247517599999,2.019527910796814
agfv_h256_align100_contrast010,46,0.3697638478544023,0.999644423373237,0.993006993006993,0.8914209008216858,0.9051282051282052,0.8179487179487179,0.5870465040206909,0.5891986066933231,2.035083861761105
agfv_h256_align100_contrast010,47,0.365261435508728,0.9997629489154913,0.9965034965034965,0.8733983635902405,0.8974358974358975,0.7794871794871795,0.5898787975311279,0.5922923373059126,1.9831902041448457
agfv_h256_align100_contrast010,48,0.35185251964463127,0.999644423373237,0.993006993006993,0.8834390044212341,0.9000000000000001,0.7794871794871795,0.5882631540298462,0.5906211198837463,1.9857062329565198
agfv_h256_align100_contrast010,49,0.3658296565214793,0.9997629489154913,0.993006993006993,0.8843019604682922,0.9000000000000001,0.8179487179487179,0.586769163608551,0.5890884227224022,2.0290189584291687
agfv_h256_align100_contrast010,50,0.36688829130596584,0.9997629489154913,0.993006993006993,0.8782370686531067,0.9000000000000001,0.7794871794871795,0.5865724086761475,0.5890571384115024,1.984686683301108
agfv_h256_align100_contrast010,51,0.392752018239763,0.9997629489154913,0.993006993006993,0.8795540928840637,0.8974358974358975,0.8179487179487179,0.5830703973770142,0.5854913022757268,2.023861145320015
agfv_h256_align100_contrast010,52,0.41923516657617355,0.9995258978309826,0.993006993006993,0.8817121386528015,0.8820512820512821,0.8179487179487179,0.5743429660797119,0.5765113454629415,2.000942683960454
agfv_h256_align100_contrast010,53,0.37375253107812667,0.9995258978309826,0.993006993006993,0.8766287565231323,0.8871794871794872,0.8179487179487179,0.5765208005905151,0.5788140151474006,2.0081593040817376
agfv_h256_align100_contrast010,54,0.36962465941905975,0.9997629489154913,0.993006993006993,0.8695550560951233,0.9000000000000001,0.7794871794871795,0.5738887786865234,0.5763403355393811,1.9770731880190837
agfv_h256_align100_contrast010,55,0.3646079897880554,0.9997629489154913,0.993006993006993,0.8623042106628418,0.9051282051282052,0.7794871794871795,0.5708459615707397,0.5735745721187815,1.981172639016568
agfv_h256_align100_contrast010,56,0.3649700813823276,0.9998814744577457,0.993006993006993,0.8543686270713806,0.9102564102564104,0.7794871794871795,0.5691502690315247,0.5719073242432979,1.98603772502551
agfv_h256_align100_contrast010,57,0.38609718945291305,0.9998814744577457,0.993006993006993,0.8552491068840027,0.9102564102564104,0.7410256410256411,0.5702270865440369,0.5730726510422549,1.9424618972308922
agfv_h256_align100_contrast010,58,0.35590143998463947,0.9997629489154913,0.993006993006993,0.853328287601471,0.9153846153846155,0.7576923076923077,0.5711858868598938,0.5742471096093339,1.9681406246409694
agfv_h256_align100_contrast010,59,0.3555131008227666,0.9998814744577457,0.993006993006993,0.862445056438446,0.9153846153846155,0.7576923076923077,0.5774373412132263,0.5803765265739889,1.9718615146827627
agfv_h256_align100_contrast010,60,0.35551200972663033,0.9998814744577457,0.993006993006993,0.8675898313522339,0.9153846153846155,0.7576923076923077,0.5800010561943054,0.5828377826195626,1.9733894977778599
agfv_h256_align100_contrast010,61,0.3553062743610806,0.9997629489154913,0.993006993006993,0.8680545091629028,0.9153846153846155,0.7743589743589744,0.5800771117210388,0.5828145811593448,1.9926096508932098
agfv_h256_align100_contrast010,62,0.35600012209680343,0.9997629489154913,0.9965034965034965,0.8582636713981628,0.9128205128205129,0.7743589743589744,0.5796254873275757,0.5825909150970096,1.988888278617051
agfv_h256_align100_contrast010,63,0.34517618351512486,0.9997629489154913,0.9965034965034965,0.8669750690460205,0.9102564102564104,0.7743589743589744,0.5810348391532898,0.5837649311827194,1.9867616381897613
agfv_h256_align100_contrast010,64,0.3709353407224019,0.9997629489154913,0.993006993006993,0.867022693157196,0.9076923076923078,0.7743589743589744,0.5801801085472107,0.5827727056165135,1.9838108079058585
agfv_h256_align100_contrast010,65,0.35856009191936916,0.999644423373237,0.9795543439611236,0.8478474617004395,0.9128205128205129,0.735897435897436,0.5773768424987793,0.5807356412121232,1.945907811296089
agfv_h256_align100_contrast010,66,0.35469352536731297,0.9997629489154913,0.993006993006993,0.8630450963973999,0.9128205128205129,0.7576923076923077,0.5798439383506775,0.582378972423905,1.9703341187191001
agfv_h256_align100_contrast010,67,0.3623597158326043,0.9998814744577457,0.9965034965034965,0.8537638187408447,0.9128205128205129,0.7743589743589744,0.5822396278381348,0.585066357371532,1.9904251142684446
agfv_h256_align100_contrast010,68,0.35915906892882454,0.9998814744577457,0.993006993006993,0.8572115898132324,0.9128205128205129,0.7576923076923077,0.5813848972320557,0.5840292132414593,1.9712518434102069
agfv_h256_align100_contrast010,69,0.34708678556813133,0.9998814744577457,0.993006993006993,0.8573422431945801,0.9153846153846155,0.7576923076923077,0.5782511234283447,0.5807390897927835,1.9723046621122018
agfv_h256_align100_contrast010,70,0.3489258372121387,0.9998814744577457,0.993006993006993,0.8511888980865479,0.9128205128205129,0.7576923076923077,0.5740378499031067,0.576736803422372,1.9668490787638235
agfv_h256_align100_contrast010,71,0.3571689791149563,0.9997629489154913,0.9965034965034965,0.8446487784385681,0.9128205128205129,0.7743589743589744,0.5707166194915771,0.5736454831511958,1.9835393015044707
agfv_h256_align100_contrast010,72,0.3508146239651574,0.9997629489154913,0.9965034965034965,0.8443092703819275,0.9128205128205129,0.7743589743589744,0.5717026591300964,0.574682102631867,1.984135983271797
agfv_h256_align100_contrast010,73,0.349111235804028,0.9997629489154913,0.9965034965034965,0.8452985286712646,0.9128205128205129,0.7743589743589744,0.5703977346420288,0.5733642488145555,1.9833517356460324
agfv_h256_align100_contrast010,74,0.3437209328015645,0.9998814744577457,0.9965034965034965,0.8480927348136902,0.9102564102564104,0.7743589743589744,0.5682409405708313,0.5710589612137617,1.979076313070298
agfv_h256_align100_contrast010,75,0.3453547987673018,0.9998814744577457,0.993006993006993,0.8517916798591614,0.9128205128205129,0.7410256410256411,0.5670040249824524,0.5695455296934221,1.9434463722639348
agfv_h256_align100_contrast010,76,0.3531130883428786,0.9998814744577457,0.9965034965034965,0.847024142742157,0.9076923076923078,0.7410256410256411,0.5670555830001831,0.5699167690481606,1.9370873637863624
agfv_h256_align100_contrast010,77,0.35612790783246356,0.9997629489154913,0.9965034965034965,0.8442087173461914,0.9153846153846155,0.7576923076923077,0.5704365372657776,0.5729413377478234,1.9671108971332845
agfv_h256_align100_contrast010,78,0.39184202750523883,0.9998814744577457,0.993006993006993,0.848013699054718,0.9102564102564104,0.7794871794871795,0.5704663395881653,0.5726462900008333,1.9867696568795834
agfv_h256_align100_contrast010,79,0.3562220831712087,0.9998814744577457,0.9965034965034965,0.8299015164375305,0.9102564102564104,0.7410256410256411,0.5659366846084595,0.5686713287682997,1.9393520885112325
agfv_h256_align100_contrast010,80,0.34755022327105206,0.9998814744577457,0.993006993006993,0.8379188776016235,0.9102564102564104,0.7794871794871795,0.5653185844421387,0.5678570393368608,1.983716854240173
agfv_h256_align100_contrast010,81,0.3609788186020321,0.9998814744577457,0.993006993006993,0.8405764102935791,0.9128205128205129,0.7794871794871795,0.5654639601707458,0.5680474125022592,1.9867572973697343
agfv_h256_align100_contrast010,82,0.35172607998053235,0.9998814744577456,0.9965034965034965,0.827304482460022,0.9128205128205129,0.7576923076923077,0.563292384147644,0.566231215910334,1.959901311610413
agfv_h256_align100_contrast010,83,0.35895902911822003,0.9998814744577457,0.9965034965034965,0.83056640625,0.9153846153846155,0.7576923076923077,0.5640445351600647,0.5670326673359708,1.9633062502079046
agfv_h256_align100_contrast010,84,0.364237775405248,0.9998814744577457,0.993006993006993,0.8392546772956848,0.9128205128205128,0.7410256410256411,0.5662457942962646,0.569077873224914,1.94302049127399
agfv_h256_align100_contrast010,85,0.3395025266541375,0.9998814744577457,0.9965034965034965,0.8320096731185913,0.9102564102564102,0.7743589743589744,0.564752459526062,0.5675454533149034,1.976980721758027
agfv_h256_align100_contrast010,86,0.3550061815314823,0.9998814744577457,0.9965034965034965,0.8349063992500305,0.9102564102564102,0.7576923076923077,0.5664165616035461,0.5690956857587421,1.9588011293744862
agfv_h256_align100_contrast010,87,0.35711274875534904,0.9998814744577457,0.9965034965034965,0.835023045539856,0.9102564102564102,0.7576923076923077,0.5673891305923462,0.569982028160298,1.959376048109042
agfv_h256_align100_contrast010,88,0.3752339979012807,0.9998814744577457,0.9965034965034965,0.8318638801574707,0.9102564102564102,0.7576923076923077,0.5658407807350159,0.5682810665493365,1.9584317770192807
agfv_h256_align100_contrast010,89,0.3451777266131507,0.9998814744577457,0.9965034965034965,0.8331966400146484,0.9128205128205128,0.7410256410256411,0.5664739608764648,0.5689372618432518,1.9425960379014482
agfv_h256_align100_contrast010,90,0.365049358871248,0.9998814744577457,0.993006993006993,0.8294671773910522,0.9102564102564102,0.7794871794871795,0.5643653273582458,0.5669636568932711,1.9831508874538675
agfv_h256_align100_contrast010,91,0.3554684685336219,0.9998814744577457,0.9965034965034965,0.8180206418037415,0.9076923076923077,0.7410256410256411,0.5602525472640991,0.5630080016789661,1.9329949691814008
agfv_h256_align100_contrast010,92,0.344029876920912,0.9998814744577457,0.993006993006993,0.8293129205703735,0.9102564102564102,0.7794871794871795,0.5618807673454285,0.5642037326887082,1.9816326150270025
agfv_h256_align100_contrast010,93,0.3644069830576579,0.9998814744577457,0.993006993006993,0.8318707942962646,0.9128205128205128,0.7794871794871795,0.5602739453315735,0.5626868583873136,1.9836262345386537
agfv_h256_align100_contrast010,94,0.3525957432058122,0.9998814744577457,0.9965034965034965,0.8209474682807922,0.9128205128205128,0.7576923076923077,0.5534639358520508,0.5564307528084222,1.9540070411524249
agfv_h256_align100_contrast010,95,0.35587308804194134,0.999644423373237,0.9965034965034965,0.8214752674102783,0.9128205128205128,0.7576923076923077,0.5519706010818481,0.5550486582696557,1.9531577219761231
agfv_h256_align100_contrast010,96,0.35012272662586635,0.9997629489154913,0.9965034965034965,0.8231373429298401,0.9128205128205128,0.7410256410256411,0.5514745712280273,0.5543300439112849,1.9336534001153707
agfv_h256_align100_contrast010,97,0.34169933365450966,0.9998814744577457,0.9965034965034965,0.8199825286865234,0.9102564102564102,0.7576923076923077,0.5523964762687683,0.5549851532300003,1.9503800334542234
agfv_h256_align100_contrast010,98,0.36240488953060573,0.9997629489154913,0.9965034965034965,0.8261066675186157,0.9102564102564102,0.7576923076923077,0.5556849837303162,0.5581715842704107,1.9523607091203765
agfv_h256_align100_contrast010,99,0.3427812109390895,0.9997629489154913,0.9965034965034965,0.8196540474891663,0.9102564102564102,0.7576923076923077,0.5509001016616821,0.5533281030339169,1.94948391996241
agfv_h256_align100_contrast010,100,0.3354224877225028,0.9997629489154913,0.9965034965034965,0.8149786591529846,0.9102564102564102,0.7576923076923077,0.5477237105369568,0.550112361796092,1.947574150276265
agfv_h256_align100_contrast010,101,0.3370275530550215,0.9998814744577457,0.9965034965034965,0.8161771893501282,0.9102564102564102,0.7576923076923077,0.5446004867553711,0.5467001271796195,1.9456535360924867
agfv_h256_align100_contrast010,102,0.3345727390713162,0.9998814744577457,0.9965034965034965,0.8185202479362488,0.9128205128205128,0.7410256410256411,0.5454435348510742,0.5472559672124361,1.9299126954256713
agfv_h128_align100_contrast020,1,1.632339855035146,0.9879103946900557,0.993006993006993,0.1499747484922409,0.9025641025641025,0.8012820512820513,0.09044357389211655,0.08531280554721551,1.7160385362692994
agfv_h128_align100_contrast020,2,1.0814479721917047,0.9877918691478014,0.993006993006993,0.33621102571487427,0.8948717948717948,0.8012820512820513,0.20306354761123657,0.20164499221079912,1.775153366780402
agfv_h128_align100_contrast020,3,0.8933398988511827,0.9881474457745645,0.993006993006993,0.4854704737663269,0.8974358974358974,0.8012820512820513,0.2967699468135834,0.29635618256303364,1.8343730668715024
agfv_h128_align100_contrast020,4,0.810090012020535,0.98802892023231,0.993006993006993,0.5902926921844482,0.8974358974358974,0.8012820512820513,0.36671173572540283,0.366696768461173,1.8763957987485642
agfv_h128_align100_contrast020,5,0.764676981502109,0.9888585990280906,0.993006993006993,0.6632540822029114,0.9025641025641025,0.8012820512820513,0.41754984855651855,0.4177401622279044,1.912692178618864
agfv_h128_align100_contrast020,6,0.7441600958506266,0.9954960293943345,0.993006993006993,0.7170455455780029,0.894871794871795,0.8012820512820513,0.4570634663105011,0.45742142705116184,1.9265753455770909
agfv_h128_align100_contrast020,7,0.7196170488993326,0.9938366718027735,0.993006993006993,0.7568206191062927,0.8743589743589744,0.8012820512820513,0.48938116431236267,0.48979869425475336,1.9226310813473713
agfv_h128_align100_contrast020,8,0.7400334609879388,0.9932440440915018,0.993006993006993,0.7866812348365784,0.8794871794871796,0.8179487179487179,0.5147937536239624,0.5152742579919155,1.9630379290976807
agfv_h128_align100_contrast020,9,0.6969552636146545,0.9975109636126586,0.993006993006993,0.8084813356399536,0.9076923076923078,0.8179487179487179,0.5340633988380432,0.5345768587230467,2.0063988712855583
agfv_h128_align100_contrast020,10,0.6933273077011108,0.9975109636126586,0.993006993006993,0.8249885439872742,0.905128205128205,0.8179487179487179,0.5487035512924194,0.5492413897331224,2.0122366826650357
agfv_h128_align100_contrast020,11,0.7129309839672513,0.9991703212042196,0.993006993006993,0.8375555276870728,0.9076923076923078,0.8179487179487179,0.560912549495697,0.5614635344659785,2.022263210549944
agfv_h128_align100_contrast020,12,0.6897715959284041,0.9992888467464739,0.993006993006993,0.8468888401985168,0.9102564102564104,0.8179487179487179,0.5706549286842346,0.5712689218747179,2.0310458780024665
agfv_h128_align100_contrast020,13,0.680621325969696,0.9995258978309826,0.993006993006993,0.8544855117797852,0.9128205128205128,0.8179487179487179,0.577058732509613,0.5777153025142202,2.037805578265148
agfv_h128_align100_contrast020,14,0.6820695963170793,0.9992888467464739,0.993006993006993,0.8597306609153748,0.9076923076923078,0.8179487179487179,0.5828086733818054,0.5834888448390115,2.0353960246989637
agfv_h128_align100_contrast020,15,0.6761714286274381,0.9995258978309827,0.993006993006993,0.8657001256942749,0.8948717948717949,0.8179487179487179,0.588998019695282,0.5897147009136224,2.024334136056897
agfv_h128_align100_contrast020,16,0.6723017361429002,0.9992888467464739,0.993006993006993,0.86937016248703,0.8871794871794871,0.8179487179487179,0.5944187045097351,0.595160852363449,2.0187784974256284
agfv_h128_align100_contrast020,17,0.6715275910165575,0.9991703212042196,0.993006993006993,0.873287558555603,0.8923076923076922,0.8179487179487179,0.5986891388893127,0.5994539389956653,2.027258238007413
agfv_h128_align100_contrast020,18,0.6668545868661668,0.9990517956619651,0.993006993006993,0.8757256269454956,0.9025641025641025,0.8179487179487179,0.6031771302223206,0.6040460659966512,2.0417740970002254
agfv_h128_align100_contrast020,19,0.6558292872375913,0.9990517956619651,0.993006993006993,0.8780441284179688,0.9153846153846155,0.7794871794871795,0.6069157719612122,0.6078225739460752,2.014533889177434
agfv_h128_align100_contrast020,20,0.6596901383664873,0.9991703212042196,0.993006993006993,0.8810980916023254,0.9153846153846155,0.8179487179487179,0.6096343398094177,0.6105117221547466,2.0603750783218353
agfv_h128_align100_contrast020,21,0.6577834420733981,0.9994073722887282,0.993006993006993,0.8834405541419983,0.8948717948717948,0.8179487179487179,0.6133472323417664,0.6142263907796828,2.038977690198083
agfv_h128_align100_contrast020,22,0.6599774857362112,0.9995258978309826,0.993006993006993,0.8866791725158691,0.8897435897435897,0.8179487179487179,0.6172279715538025,0.6180359331297842,2.0353837993103374
agfv_h128_align100_contrast020,23,0.6568566593858931,0.9994073722887282,0.993006993006993,0.8906893730163574,0.8820512820512821,0.8179487179487179,0.6196138262748718,0.6203258190420807,2.0279773402472863
agfv_h128_align100_contrast020,24,0.6581417057249281,0.9994073722887282,0.993006993006993,0.892818033695221,0.8769230769230769,0.8179487179487179,0.6215181946754456,0.6222439946559576,2.0232239061115247
agfv_h128_align100_contrast020,25,0.6724560393227471,0.9992888467464739,0.993006993006993,0.8944376707077026,0.8769230769230769,0.8179487179487179,0.6236949563026428,0.6245365982075912,2.024559326111625
agfv_h128_align100_contrast020,26,0.6564636561605666,0.9994073722887282,0.993006993006993,0.8905267715454102,0.8871794871794871,0.7794871794871795,0.6258282661437988,0.6269117764763364,1.9934098225918413
agfv_h128_align100_contrast020,27,0.6561786929766337,0.9995258978309826,0.993006993006993,0.8850879669189453,0.8974358974358974,0.7794871794871795,0.6266515254974365,0.627949568292244,2.0057023244137846
agfv_h128_align100_contrast020,28,0.6718468401167128,0.9995258978309826,0.993006993006993,0.8905969262123108,0.882051282051282,0.7794871794871795,0.6256374716758728,0.6268011842656521,1.987388151408036
agfv_h128_align100_contrast020,29,0.6553273730807834,0.9994073722887282,0.993006993006993,0.8901198506355286,0.8846153846153847,0.8179487179487179,0.6229133009910583,0.6240515947387166,2.0329483731237605
agfv_h128_align100_contrast020,30,0.6477097339100308,0.9992888467464739,0.993006993006993,0.8875149488449097,0.8871794871794872,0.8179487179487179,0.622614324092865,0.6238761727588304,2.0357478392567314
agfv_h128_align100_contrast020,31,0.6481031841701932,0.9992888467464739,0.993006993006993,0.8918406963348389,0.8820512820512821,0.8179487179487179,0.6239981055259705,0.6251456627630638,2.030669243076272
agfv_h128_align100_contrast020,32,0.6608971158663431,0.9990517956619651,0.993006993006993,0.8964622616767883,0.8794871794871795,0.8179487179487179,0.6236885190010071,0.6246738692597797,2.0275541101774204
agfv_h128_align100_contrast020,33,0.680385582976871,0.9990517956619651,0.993006993006993,0.8987823128700256,0.8794871794871795,0.8179487179487179,0.6248441934585571,0.62573176252789,2.028237736733006
agfv_h128_align100_contrast020,34,0.6469753450817533,0.9990517956619651,0.993006993006993,0.8937358260154724,0.8974358974358975,0.7794871794871795,0.6275972127914429,0.6283591220616348,2.00628723876308
agfv_h128_align100_contrast020,35,0.6407619648509555,0.9990517956619651,0.993006993006993,0.8932381272315979,0.8974358974358975,0.7794871794871795,0.6291002631187439,0.6297334104620891,2.0071761927667757
agfv_h128_align100_contrast020,36,0.6988042791684469,0.9990517956619651,0.993006993006993,0.8963693380355835,0.9000000000000001,0.7794871794871795,0.6295404434204102,0.630116616855922,2.01038332150571
agfv_h128_align100_contrast020,37,0.6449051168229845,0.9994073722887282,0.993006993006993,0.8841270208358765,0.9025641025641027,0.7794871794871795,0.6288464665412903,0.6299953889481915,2.0129195917300806
agfv_h128_align100_contrast020,38,0.646446082327101,0.9994073722887282,0.993006993006993,0.8862764239311218,0.8948717948717948,0.7794871794871795,0.6276354193687439,0.6287630661344296,2.003344682016277
agfv_h128_align100_contrast020,39,0.6423533194594913,0.9995258978309826,0.993006993006993,0.8938583731651306,0.8769230769230769,0.7794871794871795,0.6256981492042542,0.6264853920404373,1.9814894750522694
agfv_h128_align100_contrast020,40,0.6834722691112094,0.9995258978309826,0.993006993006993,0.896318793296814,0.8769230769230769,0.8179487179487179,0.6239627003669739,0.6246282552528785,2.0246668061856425
agfv_h128_align100_contrast020,41,0.6343987451659309,0.9995258978309826,0.993006993006993,0.888899564743042,0.882051282051282,0.7794871794871795,0.6251364946365356,0.6260224439968937,1.9870597888614916
agfv_h128_align100_contrast020,42,0.6327512231138017,0.9995258978309826,0.993006993006993,0.8873717188835144,0.8923076923076924,0.7794871794871795,0.6231982111930847,0.6241555194092808,1.9976988264758766
agfv_h128_align100_contrast020,43,0.6735921767022874,0.9994073722887282,0.993006993006993,0.8916405439376831,0.8897435897435898,0.7794871794871795,0.6212730407714844,0.6220904446699567,1.9935987946737646
agfv_h128_align100_contrast020,44,0.6446219616466098,0.999644423373237,0.993006993006993,0.8842834830284119,0.8948717948717948,0.7794871794871795,0.6198111176490784,0.6209004568406711,1.9986107125643922
agfv_h128_align100_contrast020,45,0.6786618232727051,0.9997629489154913,0.993006993006993,0.8910143971443176,0.8897435897435897,0.7794871794871795,0.6161140203475952,0.6168821417477288,1.9904451176755822
agfv_h128_align100_contrast020,46,0.6427756481700473,0.999644423373237,0.993006993006993,0.887455403804779,0.8846153846153846,0.7794871794871795,0.6132266521453857,0.6140619709118206,1.9828397594247889
agfv_h128_align100_contrast020,47,0.6333172255092197,0.999644423373237,0.993006993006993,0.8877500295639038,0.8999999999999999,0.7794871794871795,0.6134569644927979,0.6142522993942243,2.000666256139043
agfv_h128_align100_contrast020,48,0.6345747146341536,0.999644423373237,0.993006993006993,0.8846716284751892,0.905128205128205,0.7794871794871795,0.6164072155952454,0.6174230296353818,2.0083558906118184
agfv_h128_align100_contrast020,49,0.6559953490893046,0.9995258978309826,0.993006993006993,0.8930978178977966,0.9102564102564104,0.7794871794871795,0.6171208024024963,0.6175917948684194,2.014644775267522
agfv_h128_align100_contrast020,50,0.6690887676344978,0.999644423373237,0.993006993006993,0.8878411054611206,0.9128205128205129,0.7794871794871795,0.6204845905303955,0.6210327141112314,2.0196017003731326
agfv_h128_align100_contrast020,51,0.6330090363820394,0.999644423373237,0.993006993006993,0.8890434503555298,0.9076923076923078,0.7794871794871795,0.6161511540412903,0.6164124221178201,2.011075517031803
agfv_h128_align100_contrast020,52,0.645673480298784,0.9995258978309826,0.993006993006993,0.8916775584220886,0.9076923076923078,0.8179487179487179,0.6065102219581604,0.6064290556654626,2.0495052624071097
agfv_h128_align100_contrast020,53,0.6332189970546298,0.999644423373237,0.993006993006993,0.8909335136413574,0.8923076923076924,0.8179487179487179,0.6065319180488586,0.6065357494537452,2.0318166933076416
agfv_h128_align100_contrast020,54,0.6662418047587076,0.999644423373237,0.993006993006993,0.8894091248512268,0.8948717948717949,0.7794871794871795,0.6092082858085632,0.6094184362898301,1.9921610945890507
agfv_h128_align100_contrast020,55,0.6319065855609046,0.999644423373237,0.993006993006993,0.8802486658096313,0.8897435897435898,0.7794871794871795,0.6096338033676147,0.6101520091749492,1.9865497747596528
agfv_h128_align100_contrast020,56,0.6366464661227332,0.999644423373237,0.993006993006993,0.8834511041641235,0.8948717948717949,0.7794871794871795,0.6085879802703857,0.6087747623931165,1.9917865744302907
agfv_h128_align100_contrast020,57,0.6421219309171041,0.999644423373237,0.993006993006993,0.8861640095710754,0.9,0.7794871794871795,0.6074867844581604,0.6075416457734781,1.99701010075965
agfv_h128_align100_contrast020,58,0.6290392577648163,0.9996444233732369,0.993006993006993,0.8857398629188538,0.9025641025641027,0.7794871794871795,0.6067189574241638,0.6067440721257206,1.9994951478265943
agfv_h128_align100_contrast020,59,0.6376759310563406,0.999644423373237,0.993006993006993,0.8841874599456787,0.9025641025641027,0.7794871794871795,0.6062533259391785,0.6062085024550349,1.9992087751170329
agfv_h128_align100_contrast020,60,0.634089019563463,0.999644423373237,0.993006993006993,0.8816162943840027,0.9076923076923078,0.7794871794871795,0.607833206653595,0.6080057440293036,2.006075875529104
agfv_h128_align100_contrast020,61,0.6465977761480544,0.999644423373237,0.993006993006993,0.8840948343276978,0.9128205128205129,0.7794871794871795,0.6097120046615601,0.6098495841136808,2.01309709443896
agfv_h128_align100_contrast020,62,0.6372641656133864,0.999644423373237,0.993006993006993,0.8793668746948242,0.9128205128205129,0.7794871794871795,0.6087751984596252,0.6089831448455237,2.012542047411177
agfv_h128_align100_contrast020,63,0.6290433704853058,0.999644423373237,0.993006993006993,0.8843470811843872,0.9128205128205129,0.7794871794871795,0.6062501072883606,0.6060528776862504,2.0109864751096174
agfv_h128_align100_contrast020,64,0.6237764027383592,0.9996444233732369,0.993006993006993,0.8822676539421082,0.9128205128205129,0.7794871794871795,0.6065012216567993,0.60637338099624,2.0111440826248357
agfv_h128_align100_contrast020,65,0.6122317877080705,0.999644423373237,0.993006993006993,0.8802688121795654,0.9102564102564104,0.7794871794871795,0.6049883961677551,0.6049594754177985,2.0072975613737514
agfv_h128_align100_contrast020,66,0.6146435572041405,0.999644423373237,0.993006993006993,0.8842525482177734,0.9025641025641027,0.7794871794871795,0.6042198538780212,0.6041144929190879,1.9979826381328596
agfv_h128_align100_contrast020,67,0.6304216749138303,0.999644423373237,0.993006993006993,0.8850931525230408,0.8974358974358976,0.7794871794871795,0.6029729843139648,0.6029520454307218,1.991345522704559
agfv_h128_align100_contrast020,68,0.6257510549492307,0.999644423373237,0.9965034965034965,0.8790348172187805,0.9025641025641027,0.7794871794871795,0.601958692073822,0.6023492052520246,1.9961510529395783
agfv_h128_align100_contrast020,69,0.6527553730540805,0.999644423373237,0.993006993006993,0.8832675218582153,0.9000000000000001,0.7794871794871795,0.597593367099762,0.5978618385257652,1.9910954113556798
agfv_h128_align100_contrast020,70,0.6310581631130643,0.999644423373237,0.9965034965034965,0.8781297206878662,0.9025641025641027,0.7794871794871795,0.5975774526596069,0.5983726150603264,1.9935627742133009
agfv_h128_align100_contrast020,71,0.6144653393162621,0.999644423373237,0.9965034965034965,0.8737282156944275,0.8948717948717948,0.7794871794871795,0.5963605642318726,0.5973504458877004,1.9840059592360164
agfv_h128_align100_contrast020,72,0.6204361783133613,0.999644423373237,0.9965034965034965,0.8776727318763733,0.9000000000000001,0.7794871794871795,0.5956893563270569,0.596305263984591,1.989463272990734
agfv_h128_align100_contrast020,73,0.6234023372332255,0.999644423373237,0.993006993006993,0.8794335722923279,0.9025641025641027,0.7794871794871795,0.5946049094200134,0.5947881167626232,1.992242528288209
agfv_h128_align100_contrast020,74,0.6543510225084093,0.999644423373237,0.993006993006993,0.8782441020011902,0.8897435897435898,0.8179487179487179,0.5912726521492004,0.591153596272816,2.019700127091001
agfv_h128_align100_contrast020,75,0.6209552751647102,0.999644423373237,0.9965034965034965,0.8700838088989258,0.9051282051282052,0.7794871794871795,0.5934573411941528,0.5938489053065621,1.993999065453915
agfv_h128_align100_contrast020,76,0.6268324255943298,0.9996444233732369,0.9965034965034965,0.8757764101028442,0.9051282051282052,0.7794871794871795,0.5911179780960083,0.591247542460873,1.9925692476202739
agfv_h128_align100_contrast020,77,0.6163704097270966,0.999644423373237,0.9965034965034965,0.8721275925636292,0.9076923076923078,0.7794871794871795,0.5917530655860901,0.5920368093365935,1.9959144360016048
agfv_h128_align100_contrast020,78,0.6370499200291104,0.999644423373237,0.993006993006993,0.8745278716087341,0.9025641025641027,0.7794871794871795,0.594211757183075,0.5943475308601118,1.992001893579489
agfv_h128_align100_contrast020,79,0.6150564981831445,0.999644423373237,0.993006993006993,0.8738196492195129,0.9000000000000001,0.7794871794871795,0.5948148965835571,0.5949431615864903,1.9894143084036497
agfv_h128_align100_contrast020,80,0.613308717807134,0.999644423373237,0.993006993006993,0.8728668689727783,0.9000000000000001,0.7794871794871795,0.5963361263275146,0.5965028414620404,1.9903308912631834
agfv_h128_align100_contrast020,81,0.6136815018124051,0.999644423373237,0.9965034965034965,0.8714956641197205,0.8999999999999999,0.7794871794871795,0.5966145992279053,0.5966893781661583,1.9899643058593146
agfv_h128_align100_contrast020,82,0.6070217854446835,0.999644423373237,0.9965034965034965,0.8701425790786743,0.8999999999999999,0.7794871794871795,0.5965807437896729,0.5967298305055275,1.9899514233741356
agfv_h128_align100_contrast020,83,0.6081182989809248,0.999644423373237,0.9965034965034965,0.871564507484436,0.8974358974358974,0.7794871794871795,0.5953928232192993,0.5955819933253189,1.9862939614222097
agfv_h128_align100_contrast020,84,0.6090175973044502,0.999644423373237,0.9965034965034965,0.8754591345787048,0.8974358974358974,0.7794871794871795,0.5918862819671631,0.5917817086007923,1.984160662323689
agfv_h128_align100_contrast020,85,0.6140428814623091,0.999644423373237,0.993006993006993,0.876694917678833,0.8974358974358974,0.7794871794871795,0.5909810066223145,0.5907774427226133,1.9841320735879224
agfv_h128_align100_contrast020,86,0.6003703971703848,0.999644423373237,0.9965034965034965,0.8731946349143982,0.8974358974358974,0.7794871794871795,0.5923635959625244,0.5921356604369048,1.9844347145049808
agfv_h128_align100_contrast020,87,0.6107423504193624,0.999644423373237,0.9965034965034965,0.8711943030357361,0.8999999999999999,0.7794871794871795,0.5925541520118713,0.5923204064344759,1.9874971850781293
agfv_h128_align100_contrast020,88,0.6135672728220621,0.999644423373237,0.9965034965034965,0.8743635416030884,0.8999999999999999,0.7794871794871795,0.5921536087989807,0.5919042495944867,1.9872552977876852
agfv_h128_align100_contrast020,89,0.6162077652083503,0.999644423373237,0.9965034965034965,0.8708629608154297,0.8974358974358976,0.7794871794871795,0.5925427079200745,0.5923875905906892,1.984549463499135
agfv_h128_align100_contrast020,90,0.6168976922829946,0.999644423373237,0.9965034965034965,0.8678932785987854,0.905128205128205,0.7794871794871795,0.5925369262695312,0.5926266954695646,1.993416637007904
agfv_h128_align100_contrast020,91,0.6085491379102071,0.999644423373237,0.9965034965034965,0.8685289025306702,0.8948717948717948,0.7794871794871795,0.5919131636619568,0.5920676840178722,1.9812539827640758
agfv_h128_align100_contrast020,92,0.6271130111482408,0.999644423373237,0.9965034965034965,0.8699766993522644,0.8948717948717948,0.7794871794871795,0.5911739468574524,0.5912436426638455,1.9808019702264208
agfv_h128_align100_contrast020,93,0.614572544892629,0.9996444233732369,0.9965034965034965,0.8666938543319702,0.8923076923076922,0.7794871794871795,0.5910175442695618,0.591091001247673,1.9777597868421408
agfv_h128_align100_contrast020,94,0.6200634274217818,0.9997629489154913,0.9965034965034965,0.8670179843902588,0.8923076923076922,0.7794871794871795,0.5906711220741272,0.590566182612675,1.9775163150495854
agfv_h128_align100_contrast020,95,0.6126775377326541,0.9997629489154913,0.9965034965034965,0.8657944202423096,0.8871794871794872,0.7794871794871795,0.5889257192611694,0.5886415686205493,1.9705537163464582
agfv_h128_align100_contrast020,96,0.6055895487467448,0.999644423373237,0.9965034965034965,0.8665298819541931,0.8974358974358976,0.7794871794871795,0.5854160189628601,0.5849721134146378,1.9802445713029226
agfv_h128_align100_contrast020,97,0.603120356798172,0.999644423373237,0.9965034965034965,0.8655206561088562,0.8974358974358974,0.7794871794871795,0.5819141268730164,0.5814150378460708,1.9781379177011433
agfv_h128_align100_contrast020,98,0.603808131482866,0.999644423373237,0.9965034965034965,0.864768922328949,0.8923076923076922,0.7410256410256411,0.580568253993988,0.5800317675254949,1.9271984491013667
agfv_h128_align100_contrast020,99,0.6188579731517367,0.999644423373237,0.9965034965034965,0.8638395071029663,0.8974358974358974,0.7410256410256411,0.5791029334068298,0.5785492831429817,1.9322149762669723
agfv_h128_align100_contrast020,100,0.6162237723668417,0.9997629489154913,0.993006993006993,0.8632764220237732,0.9102564102564104,0.7794871794871795,0.5766347646713257,0.5760854878907838,1.990215568041497
agfv_h256_align100_no_mritogfv,1,1.0163440108299255,0.9919402631267038,0.993006993006993,0.3089105188846588,0.9076923076923078,0.8012820512820513,0.1572190672159195,0.15757613213309807,1.761945571221728
agfv_h256_align100_no_mritogfv,2,0.5537894599967532,0.9970368614436411,0.993006993006993,0.5653538107872009,0.8897435897435898,0.8012820512820513,0.33000627160072327,0.3327958735599294,1.844455632168247
agfv_h256_align100_no_mritogfv,3,0.47060486012034947,0.9977480146971673,0.993006993006993,0.711234986782074,0.8641025641025641,0.8179487179487179,0.44038379192352295,0.4445839169507168,1.9003960108601834
agfv_h256_align100_no_mritogfv,4,0.43098752697308856,0.9975109636126586,0.993006993006993,0.7959307432174683,0.858974358974359,0.8179487179487179,0.5100510716438293,0.5147025663497186,1.9363796374254774
agfv_h256_align100_no_mritogfv,5,0.40704309940338135,0.9984591679506933,0.993006993006993,0.8467817306518555,0.8641025641025641,0.8179487179487179,0.5567678809165955,0.561708770943319,1.9701938677679511
agfv_h256_align100_no_mritogfv,6,0.41046471728218925,0.998340642408439,0.993006993006993,0.8748972415924072,0.8615384615384616,0.8179487179487179,0.5850234031677246,0.5902144799590809,1.984241260677712
agfv_h256_align100_no_mritogfv,7,0.39883140060636735,0.9985776934929478,0.993006993006993,0.8908214569091797,0.8641025641025641,0.8179487179487179,0.6009230613708496,0.6063169056075296,1.9967144926301612
agfv_h256_align100_no_mritogfv,8,0.38181935747464496,0.9991703212042196,0.993006993006993,0.8983874320983887,0.8615384615384616,0.8179487179487179,0.6107137203216553,0.6161995059081378,1.9995604700302159
agfv_h256_align100_no_mritogfv,9,0.3895224067899916,0.9992888467464739,0.993006993006993,0.9039894938468933,0.8615384615384616,0.8179487179487179,0.618730902671814,0.6240576989616912,2.0043371016793126
agfv_h256_align100_no_mritogfv,10,0.38059543238745797,0.9994073722887282,0.993006993006993,0.9072202444076538,0.8615384615384616,0.7794871794871795,0.6236748099327087,0.6288161606054237,1.9630363534120259
agfv_h256_align100_no_mritogfv,11,0.37540701031684875,0.9990517956619651,0.993006993006993,0.9089094400405884,0.8615384615384616,0.7794871794871795,0.6293554306030273,0.6340773463310194,1.9664561188137593
agfv_h256_align100_no_mritogfv,12,0.37438589003350997,0.9989332701197109,0.993006993006993,0.9115487337112427,0.8615384615384616,0.7794871794871795,0.6330294013023376,0.6372567490603005,1.9686288232676803
agfv_h256_align100_no_mritogfv,13,0.3740488721264733,0.9991703212042196,0.993006993006993,0.9092152714729309,0.8666666666666668,0.7794871794871795,0.6335898637771606,0.6375125718302499,1.974796515016847
agfv_h256_align100_no_mritogfv,14,0.3781293001439836,0.9994073722887282,0.993006993006993,0.9090825319290161,0.8820512820512821,0.7794871794871795,0.6335890889167786,0.637230889725978,1.9924247094058598
agfv_h256_align100_no_mritogfv,15,0.3701304925812615,0.999644423373237,0.993006993006993,0.9094939231872559,0.8948717948717949,0.7794871794871795,0.6341187357902527,0.6376406083744892,2.0074385367883614
agfv_h256_align100_no_mritogfv,16,0.364405138625039,0.9995258978309826,0.993006993006993,0.907758355140686,0.8974358974358975,0.7794871794871795,0.6360894441604614,0.6396120305205446,2.011587529968127
agfv_h256_align100_no_mritogfv,17,0.3637650708357493,0.9992888467464739,0.993006993006993,0.9140884876251221,0.8974358974358975,0.7794871794871795,0.6379637122154236,0.6413156447638727,2.0127305830826177
agfv_h256_align100_no_mritogfv,18,0.3644445737202962,0.9991703212042196,0.993006993006993,0.9193502068519592,0.8846153846153847,0.7794871794871795,0.6390096545219421,0.6419713089731524,1.998593309744553
agfv_h256_align100_no_mritogfv,19,0.3677320265107685,0.9995258978309826,0.993006993006993,0.910723090171814,0.8846153846153847,0.7794871794871795,0.6371484994888306,0.6401849293990896,1.9974307577765769
agfv_h256_align100_no_mritogfv,20,0.3812393181853824,0.9996444233732369,0.993006993006993,0.9103093147277832,0.8897435897435897,0.7794871794871795,0.6360539197921753,0.6390475315952527,2.002649385213963
agfv_h256_align100_no_mritogfv,21,0.36452802684572005,0.9995258978309826,0.993006993006993,0.8963020443916321,0.9025641025641025,0.7794871794871795,0.6333896517753601,0.6365551631148255,2.0158293829324405
agfv_h256_align100_no_mritogfv,22,0.40700383318795097,0.9994073722887282,0.993006993006993,0.919054388999939,0.905128205128205,0.8179487179487179,0.6309000849723816,0.6332286516528267,2.061449214395577
agfv_h256_align100_no_mritogfv,23,0.3727581269211239,0.9995258978309827,0.993006993006993,0.9083836674690247,0.8999999999999999,0.7794871794871795,0.6300634145736694,0.6324839304615572,2.0108104231175505
agfv_h256_align100_no_mritogfv,24,0.3540558185842302,0.999644423373237,0.993006993006993,0.9053645133972168,0.9000000000000001,0.7794871794871795,0.6283469796180725,0.6307302139137323,2.0097590551536317
agfv_h256_align100_no_mritogfv,25,0.3557310766643948,0.9996444233732369,0.993006993006993,0.9019291996955872,0.9025641025641027,0.7794871794871795,0.6292213797569275,0.6315596669509023,2.013227918475494
agfv_h256_align100_no_mritogfv,26,0.36524932748741573,0.9997629489154913,0.993006993006993,0.9114469289779663,0.9000000000000001,0.8179487179487179,0.6284719109535217,0.6304606517025757,2.0540075549996715
agfv_h256_align100_no_mritogfv,27,0.3529663036266963,0.9997629489154913,0.993006993006993,0.9066728353500366,0.8948717948717949,0.7794871794871795,0.627058744430542,0.6291437021115689,2.0030410716508755
agfv_h256_align100_no_mritogfv,28,0.3524695701069302,0.9997629489154913,0.993006993006993,0.9000870585441589,0.8948717948717949,0.7794871794871795,0.6262328624725342,0.62825544396266,2.002539304856981
agfv_h256_align100_no_mritogfv,29,0.36004896130826736,0.999644423373237,0.993006993006993,0.9108278751373291,0.8948717948717948,0.7794871794871795,0.6255541443824768,0.6274651139220968,2.002138691639234
agfv_h256_align100_no_mritogfv,30,0.36991266078419155,0.9997629489154913,0.993006993006993,0.9060004353523254,0.9000000000000001,0.7794871794871795,0.6257910132408142,0.6276917057498874,2.0081594423172797
agfv_h256_align100_no_mritogfv,31,0.3524811880456077,0.9997629489154912,0.993006993006993,0.9097222089767456,0.9025641025641027,0.7794871794871795,0.6242677569389343,0.6260599542802152,2.0101833569680907
agfv_h256_align100_no_mritogfv,32,0.3517198959986369,0.9995258978309827,0.993006993006993,0.9028936624526978,0.9000000000000001,0.7794871794871795,0.6237467527389526,0.625637065934457,2.0069674057474827
agfv_h256_align100_no_mritogfv,33,0.35062120854854584,0.9995258978309826,0.993006993006993,0.9035715460777283,0.9025641025641027,0.7794871794871795,0.6229611039161682,0.6247430349524025,2.0094338961866027
agfv_h256_align100_no_mritogfv,34,0.34561659892400104,0.9997629489154913,0.993006993006993,0.9054034948348999,0.9051282051282052,0.7794871794871795,0.6225021481513977,0.6243503841125717,2.012078313506276
agfv_h256_align100_no_mritogfv,35,0.3544037408298916,0.9997629489154913,0.993006993006993,0.9054535031318665,0.9025641025641027,0.7794871794871795,0.6218613982200623,0.6236376884833874,2.008737951028972
agfv_h256_align100_no_mritogfv,36,0.3538237379656898,0.9997629489154913,0.993006993006993,0.8988286256790161,0.8999999999999999,0.7794871794871795,0.6227624416351318,0.6246292295213599,2.0063389088915855
agfv_h256_align100_no_mritogfv,37,0.35457537902726066,0.9997629489154912,0.993006993006993,0.8962337970733643,0.8999999999999999,0.7794871794871795,0.6226033568382263,0.6245235115896411,2.0062487946999608
agfv_h256_align100_no_mritogfv,38,0.3493410067425834,0.9997629489154913,0.993006993006993,0.9041426181793213,0.9025641025641027,0.7794871794871795,0.621865451335907,0.6235517880947323,2.008731387548029
agfv_h256_align100_no_mritogfv,39,0.35084570116466945,0.999644423373237,0.993006993006993,0.9030622839927673,0.905128205128205,0.7794871794871795,0.6212294101715088,0.6228883642906853,2.0113135213654805
agfv_h256_align100_no_mritogfv,40,0.34438785910606384,0.9997629489154913,0.993006993006993,0.9009665250778198,0.905128205128205,0.7794871794871795,0.6208519339561462,0.6225370132107869,2.0110718693184713
agfv_h256_align100_no_mritogfv,41,0.34712514612409806,0.999644423373237,0.993006993006993,0.8998772501945496,0.905128205128205,0.7794871794871795,0.6196334958076477,0.6212971372093052,2.010356441475412
agfv_h256_align100_no_mritogfv,42,0.33973076608445907,0.9997629489154913,0.993006993006993,0.8979536294937134,0.9025641025641025,0.7794871794871795,0.618618369102478,0.6203530166287864,2.006787969284719
agfv_h256_align100_no_mritogfv,43,0.3363770412074195,0.9997629489154913,0.9965034965034965,0.8884875774383545,0.905128205128205,0.7794871794871795,0.6185789108276367,0.6205041921315333,2.0092076001218153
agfv_h256_align100_no_mritogfv,44,0.35017310910754734,0.9994073722887282,0.993006993006993,0.9000192880630493,0.9128205128205129,0.8179487179487179,0.6085397005081177,0.6101461414888728,2.0568069249932037
agfv_h256_align100_no_mritogfv,45,0.36322075294123757,0.9992888467464739,0.993006993006993,0.8967073559761047,0.9076923076923078,0.8179487179487179,0.6031622290611267,0.6046770455073844,2.0476916226054613
agfv_h256_align100_no_mritogfv,46,0.3598941034740872,0.9995258978309826,0.993006993006993,0.8938236236572266,0.9025641025641027,0.8179487179487179,0.6034723520278931,0.6050434899826193,2.0419503349762556
agfv_h256_align100_no_mritogfv,47,0.3549954394499461,0.9997629489154913,0.993006993006993,0.8797722458839417,0.8897435897435898,0.8179487179487179,0.6049533486366272,0.6066191062886306,2.028069247504958
agfv_h256_align100_no_mritogfv,48,0.3469131605492698,0.9997629489154913,0.993006993006993,0.8803427815437317,0.8948717948717949,0.8179487179487179,0.6049452424049377,0.6067189213494927,2.033972611792635
agfv_h256_align100_no_mritogfv,49,0.3514796727233463,0.9997629489154912,0.993006993006993,0.88662189245224,0.8974358974358975,0.8179487179487179,0.6046068072319031,0.6062782780643101,2.036708047826318
agfv_h256_align100_no_mritogfv,50,0.35019832518365646,0.9997629489154913,0.993006993006993,0.8829918503761292,0.8974358974358975,0.8179487179487179,0.6049110889434814,0.606651506359825,2.0368975115116585
agfv_h256_align100_no_mritogfv,51,0.37114256785975563,0.999644423373237,0.993006993006993,0.8837358951568604,0.8974358974358975,0.8179487179487179,0.6038521528244019,0.6055809440425425,2.0362787660517285
agfv_h256_align100_no_mritogfv,52,0.4044720431168874,0.9994073722887282,0.993006993006993,0.8889463543891907,0.8794871794871795,0.8179487179487179,0.5988014340400696,0.6003494047696797,2.0126247847539265
agfv_h256_align100_no_mritogfv,53,0.35796720782915753,0.9995258978309826,0.993006993006993,0.8842852711677551,0.8794871794871795,0.8179487179487179,0.5989786386489868,0.6005341528021803,2.012714083030297
agfv_h256_align100_no_mritogfv,54,0.352194564210044,0.999644423373237,0.993006993006993,0.8757867813110352,0.8871794871794872,0.7794871794871795,0.5969381928443909,0.5985800895756913,1.976096059589397
agfv_h256_align100_no_mritogfv,55,0.3479200005531311,0.9997629489154912,0.993006993006993,0.8676306009292603,0.8974358974358975,0.7794871794871795,0.5959084033966064,0.5977668113995893,1.9872769300114284
agfv_h256_align100_no_mritogfv,56,0.345077998108334,0.9997629489154913,0.993006993006993,0.8640724420547485,0.9025641025641027,0.7794871794871795,0.5987554788589478,0.600653619608967,1.9948865844609724
agfv_h256_align100_no_mritogfv,57,0.36499786708090043,0.9997629489154913,0.993006993006993,0.8717328310012817,0.9102564102564104,0.7410256410256411,0.6041638255119324,0.6062088602277083,1.9627616664647236
agfv_h256_align100_no_mritogfv,58,0.33862265282207066,0.9997629489154913,0.9965034965034965,0.8680371642112732,0.9128205128205129,0.7576923076923077,0.6055022478103638,0.607849182791712,1.9851858189612486
agfv_h256_align100_no_mritogfv,59,0.3399173617362976,0.9997629489154913,0.993006993006993,0.876481294631958,0.9128205128205129,0.7576923076923077,0.6089950799942017,0.6112908209038885,1.9878008743888604
agfv_h256_align100_no_mritogfv,60,0.33207744028833175,0.9997629489154913,0.993006993006993,0.8796355128288269,0.9128205128205129,0.7576923076923077,0.6087356209754944,0.6109024446975236,1.9876323072588704
agfv_h256_align100_no_mritogfv,61,0.34681277804904515,0.9997629489154913,0.993006993006993,0.8787717819213867,0.9128205128205129,0.7576923076923077,0.6086307764053345,0.610827299677769,1.9875723704718151
agfv_h256_align100_no_mritogfv,62,0.34615154564380646,0.999644423373237,0.9965034965034965,0.8703331351280212,0.9128205128205129,0.7743589743589744,0.6095330715179443,0.6120715568129967,2.0068079137151726
agfv_h256_align100_no_mritogfv,63,0.3270064310895072,0.999644423373237,0.9965034965034965,0.8748615980148315,0.9076923076923078,0.7576923076923077,0.6099311709403992,0.612291052532128,1.9819648104342105
agfv_h256_align100_no_mritogfv,64,0.36568211515744525,0.9997629489154913,0.993006993006993,0.8744573593139648,0.9128205128205129,0.7576923076923077,0.6085431575775146,0.6107775680398557,1.9875235878941138
agfv_h256_align100_no_mritogfv,65,0.3436569372812907,0.999644423373237,0.9965034965034965,0.859073281288147,0.9128205128205129,0.7743589743589744,0.6074032187461853,0.6101713176145683,2.00555296340945
agfv_h256_align100_no_mritogfv,66,0.3365028616454866,0.9997629489154913,0.993006993006993,0.8722525238990784,0.9102564102564104,0.7410256410256411,0.6063759922981262,0.6085942687477853,1.9641062907098281
agfv_h256_align100_no_mritogfv,67,0.34303870962725747,0.9997629489154913,0.9965034965034965,0.8601734638214111,0.9102564102564104,0.7576923076923077,0.6084256172180176,0.6110394522069166,1.9840178126578782
agfv_h256_align100_no_mritogfv,68,0.3390510247813331,0.9998814744577457,0.9965034965034965,0.8686970472335815,0.9076923076923078,0.7576923076923077,0.6085525751113892,0.6109681236168304,1.981107661965499
agfv_h256_align100_no_mritogfv,69,0.33289499084154767,0.9998814744577457,0.993006993006993,0.8679273724555969,0.9102564102564104,0.7410256410256411,0.6060352921485901,0.6083773301748149,1.9638964679464248
agfv_h256_align100_no_mritogfv,70,0.3305150055223041,0.9998814744577457,0.9965034965034965,0.8609729409217834,0.9128205128205129,0.7576923076923077,0.6026042103767395,0.6052078502091769,1.9834548881548448
agfv_h256_align100_no_mritogfv,71,0.3377617183658812,0.9997629489154913,0.9965034965034965,0.8583052158355713,0.9128205128205129,0.7576923076923077,0.5989204049110413,0.6017298292738643,1.9812829621598027
agfv_h256_align100_no_mritogfv,72,0.3341200169589784,0.9997629489154913,0.9965034965034965,0.8575736880302429,0.9128205128205129,0.7576923076923077,0.5990087985992432,0.6018296701912191,1.9813371430956392
agfv_h256_align100_no_mritogfv,73,0.3276625722646713,0.9997629489154913,0.9965034965034965,0.8583024740219116,0.9128205128205129,0.7576923076923077,0.5975417494773865,0.6003769571262776,1.9804583472282165
agfv_h256_align100_no_mritogfv,74,0.3299081888463762,0.9998814744577457,0.9965034965034965,0.8604612946510315,0.9153846153846155,0.7576923076923077,0.5950064659118652,0.5976103398854412,1.981844982838752
agfv_h256_align100_no_mritogfv,75,0.32924220462640125,0.9998814744577457,0.993006993006993,0.8614643812179565,0.9153846153846155,0.7794871794871795,0.5926360487937927,0.5949481164914392,2.005982130028894
agfv_h256_align100_no_mritogfv,76,0.33292687435944873,0.9997629489154913,0.9965034965034965,0.8523864150047302,0.9128205128205129,0.7410256410256411,0.5915701985359192,0.5943086420588213,1.9576990735840705
agfv_h256_align100_no_mritogfv,77,0.33469659586747486,0.9997629489154913,0.9965034965034965,0.858035683631897,0.9153846153846155,0.7794871794871795,0.593669056892395,0.5960261136571561,2.0060997371016294
agfv_h256_align100_no_mritogfv,78,0.40175532963540816,0.9998814744577457,0.993006993006993,0.8599938154220581,0.9153846153846155,0.8179487179487179,0.5899327993392944,0.592048767851682,2.048571339668438
agfv_h256_align100_no_mritogfv,79,0.3404068516360389,0.9997629489154913,0.9965034965034965,0.8448348641395569,0.9051282051282052,0.7794871794871795,0.5895379781723022,0.5920861472149676,1.9918453293024923
agfv_h256_align100_no_mritogfv,80,0.33452559510866803,0.9997629489154913,0.9965034965034965,0.8404927849769592,0.9076923076923078,0.7794871794871795,0.5871061086654663,0.5897109825854648,1.9933405960348418
agfv_h256_align100_no_mritogfv,81,0.34026625918017495,0.9998814744577457,0.993006993006993,0.8487839102745056,0.9102564102564104,0.7794871794871795,0.5886263847351074,0.5912268204896809,1.9977077325019392
agfv_h256_align100_no_mritogfv,82,0.3348623563845952,0.9998814744577457,0.9965034965034965,0.8437115550041199,0.9102564102564104,0.7410256410256411,0.5894725322723389,0.592455028575236,1.9534983823238659
agfv_h256_align100_no_mritogfv,83,0.3350556525919173,0.9998814744577457,0.9965034965034965,0.844032347202301,0.9102564102564104,0.7410256410256411,0.589187741279602,0.5922385758665409,1.953334341556628
agfv_h256_align100_no_mritogfv,84,0.3374488254388173,0.9998814744577457,0.9965034965034965,0.8518156409263611,0.9153846153846155,0.7410256410256411,0.5908166766166687,0.5935241938240293,1.960174806918346
agfv_h256_align100_no_mritogfv,85,0.3254770901468065,0.9998814744577457,0.9965034965034965,0.8475545644760132,0.9153846153846155,0.7576923076923077,0.5888853073120117,0.5916353621780941,1.9781869057680905
agfv_h256_align100_no_mritogfv,86,0.3360271387630039,0.9998814744577457,0.9965034965034965,0.848529040813446,0.9153846153846155,0.7576923076923077,0.5900754332542419,0.5927477017116439,1.9788932026925605
agfv_h256_align100_no_mritogfv,87,0.34128664765093064,0.9998814744577457,0.9965034965034965,0.8498696684837341,0.9128205128205129,0.7410256410256411,0.5910181403160095,0.5935108074968617,1.9573254821865818
agfv_h256_align100_no_mritogfv,88,0.36313747697406346,0.9998814744577457,0.9965034965034965,0.8445538878440857,0.9128205128205129,0.7410256410256411,0.5897550582885742,0.5921752449532689,1.9565603849185047
agfv_h256_align100_no_mritogfv,89,0.3272863013876809,0.9998814744577457,0.9965034965034965,0.8472920060157776,0.9102564102564104,0.7794871794871795,0.5885579586029053,0.5909508618413533,1.9971214480465302
agfv_h256_align100_no_mritogfv,90,0.33794217970636153,0.9998814744577457,0.9965034965034965,0.8444637060165405,0.9102564102564104,0.7794871794871795,0.5860788822174072,0.5885968248916167,1.9956465061588073
agfv_h256_align100_no_mritogfv,91,0.3399879253572888,0.9998814744577457,0.9965034965034965,0.8363984823226929,0.9102564102564104,0.7410256410256411,0.5825627446174622,0.5854467247668261,1.9493426581155864
agfv_h256_align100_no_mritogfv,92,0.3256214012702306,0.9998814744577457,0.9965034965034965,0.8442328572273254,0.9128205128205129,0.7794871794871795,0.5831493139266968,0.5857309188202491,1.9968438493550336
agfv_h256_align100_no_mritogfv,93,0.34656864073541427,0.9998814744577457,0.9965034965034965,0.8447641730308533,0.9153846153846155,0.7410256410256411,0.5808421969413757,0.5834140842075026,1.954176556119047
agfv_h256_align100_no_mritogfv,94,0.32961250510480666,0.9998814744577457,0.9965034965034965,0.8329253196716309,0.9153846153846155,0.7576923076923077,0.574211597442627,0.5773253292886978,1.9694190475444586
agfv_h256_align100_no_mritogfv,95,0.33552390668127274,0.9997629489154913,0.9965034965034965,0.841538667678833,0.9153846153846155,0.7576923076923077,0.575980007648468,0.5788706803893768,1.9704755665887852
agfv_h256_align100_no_mritogfv,96,0.35131121012899613,0.9997629489154913,0.993006993006993,0.8404554724693298,0.9153846153846155,0.7794871794871795,0.5728201270103455,0.5755388973852403,1.9941510260578885
agfv_h256_align100_no_mritogfv,97,0.32998106049166787,0.9998814744577457,0.9965034965034965,0.8276070356369019,0.9153846153846155,0.7576923076923077,0.5726640224456787,0.57564577691035,1.9684773048081496
agfv_h256_align100_no_mritogfv,98,0.3357803523540497,0.9997629489154913,0.9965034965034965,0.8365393877029419,0.9153846153846155,0.7576923076923077,0.5763320326805115,0.5791291998986875,1.970677431055738
agfv_h256_align100_no_mritogfv,99,0.322724590698878,0.9997629489154913,0.9965034965034965,0.8351795673370361,0.9128205128205129,0.7576923076923077,0.5745262503623962,0.5770009002078449,1.9666129919788782
agfv_h256_align100_no_mritogfv,100,0.3174797197182973,0.9998814744577457,0.9965034965034965,0.835444450378418,0.9153846153846155,0.7743589743589744,0.5739837288856506,0.5764945813994474,1.9883887051437121
agfv_h256_align100_no_mritogfv,101,0.3307236250903871,0.9997629489154913,0.9965034965034965,0.8314867615699768,0.9128205128205129,0.7576923076923077,0.5685428380966187,0.5710449848596627,1.9630256943111712
agfv_h256_align100_no_mritogfv,102,0.31775901714960736,0.9998814744577457,0.993006993006993,0.8311232924461365,0.9153846153846155,0.7794871794871795,0.5654458999633789,0.5675616493206873,1.989648408896612
