Seed,Gene panel label,Selection rule,Actual probes used,Split,"Subjects, n",Best epoch,GFV dimension,Dropout,Learning rate,Weight decay,Label smoothing,Accuracy,Balanced accuracy,AUC,Precision,Recall / AD sensitivity,CN specificity,F1 score,TN,FP,FN,TP
42,Top 50,Top 50 limma-ranked probes by raw P value,50,train,211,121,128,0.6,0.0001,0.005,0.05,0.8009478672985783,0.807968682968683,0.8886743886743886,0.6265060240963856,0.8253968253968254,0.7905405405405406,0.7123287671232876,117,31,11,52
42,Top 50,Top 50 limma-ranked probes by raw P value,50,val,45,121,128,0.6,0.0001,0.005,0.05,0.8,0.8137019230769231,0.826923076923077,0.6111111111111112,0.8461538461538461,0.78125,0.7096774193548387,25,7,2,11
42,Top 50,Top 50 limma-ranked probes by raw P value,50,test,46,121,128,0.6,0.0001,0.005,0.05,0.6956521739130435,0.7209821428571428,0.8258928571428571,0.5,0.7857142857142857,0.65625,0.6111111111111112,21,11,3,11
42,Top 100,Top 100 limma-ranked probes by raw P value,100,train,211,114,128,0.6,0.0001,0.005,0.05,0.8341232227488151,0.8635242385242385,0.9537752037752038,0.6555555555555556,0.9365079365079365,0.7905405405405406,0.7712418300653595,117,31,4,59
42,Top 100,Top 100 limma-ranked probes by raw P value,100,val,45,114,128,0.6,0.0001,0.005,0.05,0.8444444444444444,0.8677884615384616,0.9206730769230769,0.6666666666666666,0.9230769230769231,0.8125,0.7741935483870968,26,6,1,12
42,Top 100,Top 100 limma-ranked probes by raw P value,100,test,46,114,128,0.6,0.0001,0.005,0.05,0.6521739130434783,0.6696428571428572,0.8013392857142857,0.45454545454545453,0.7142857142857143,0.625,0.5555555555555556,20,12,4,10
42,Top 250,Top 250 limma-ranked probes by raw P value,250,train,211,153,128,0.6,0.0001,0.005,0.05,0.957345971563981,0.9695945945945945,1.0,0.875,1.0,0.9391891891891891,0.9333333333333333,139,9,0,63
42,Top 250,Top 250 limma-ranked probes by raw P value,250,val,45,153,128,0.6,0.0001,0.005,0.05,0.8444444444444444,0.8221153846153846,0.9254807692307692,0.7142857142857143,0.7692307692307693,0.875,0.7407407407407407,28,4,3,10
42,Top 250,Top 250 limma-ranked probes by raw P value,250,test,46,153,128,0.6,0.0001,0.005,0.05,0.7391304347826086,0.7723214285714286,0.8616071428571428,0.5454545454545454,0.8571428571428571,0.6875,0.6666666666666666,22,10,2,12
42,Top 500,Top 500 limma-ranked probes by raw P value,500,train,211,73,128,0.6,0.0001,0.005,0.05,0.9715639810426541,0.9797297297297297,0.9996782496782497,0.9130434782608695,1.0,0.9594594594594594,0.9545454545454546,142,6,0,63
42,Top 500,Top 500 limma-ranked probes by raw P value,500,val,45,73,128,0.6,0.0001,0.005,0.05,0.8888888888888888,0.8990384615384616,0.9543269230769231,0.75,0.9230769230769231,0.875,0.8275862068965517,28,4,1,12
42,Top 500,Top 500 limma-ranked probes by raw P value,500,test,46,73,128,0.6,0.0001,0.005,0.05,0.7608695652173914,0.7879464285714286,0.8727678571428571,0.5714285714285714,0.8571428571428571,0.71875,0.6857142857142857,23,9,2,12
42,Top 1000,Top 1000 limma-ranked probes by raw P value,1000,train,211,71,128,0.6,0.0001,0.005,0.05,0.995260663507109,0.9966216216216216,1.0,0.984375,1.0,0.9932432432432432,0.9921259842519685,147,1,0,63
42,Top 1000,Top 1000 limma-ranked probes by raw P value,1000,val,45,71,128,0.6,0.0001,0.005,0.05,0.9555555555555556,0.96875,0.9879807692307693,0.8666666666666667,1.0,0.9375,0.9285714285714286,30,2,0,13
42,Top 1000,Top 1000 limma-ranked probes by raw P value,1000,test,46,71,128,0.6,0.0001,0.005,0.05,0.8260869565217391,0.8348214285714286,0.9375,0.6666666666666666,0.8571428571428571,0.8125,0.75,26,6,2,12
42,Top 2000,Top 2000 limma-ranked probes by raw P value,2000,train,211,46,128,0.6,0.0001,0.005,0.05,1.0,1.0,1.0,1.0,1.0,1.0,1.0,148,0,0,63
42,Top 2000,Top 2000 limma-ranked probes by raw P value,2000,val,45,46,128,0.6,0.0001,0.005,0.05,0.9555555555555556,0.96875,0.9783653846153846,0.8666666666666667,1.0,0.9375,0.9285714285714286,30,2,0,13
42,Top 2000,Top 2000 limma-ranked probes by raw P value,2000,test,46,46,128,0.6,0.0001,0.005,0.05,0.8478260869565217,0.8705357142857143,0.9330357142857143,0.6842105263157895,0.9285714285714286,0.8125,0.7878787878787878,26,6,1,13
42,All nominal P < 0.05,All nominally significant limma-ranked probes with raw P < 0.05,3013,train,211,79,128,0.6,0.0001,0.005,0.05,1.0,1.0,1.0,1.0,1.0,1.0,1.0,148,0,0,63
42,All nominal P < 0.05,All nominally significant limma-ranked probes with raw P < 0.05,3013,val,45,79,128,0.6,0.0001,0.005,0.05,0.9777777777777777,0.984375,0.9879807692307693,0.9285714285714286,1.0,0.96875,0.9629629629629629,31,1,0,13
42,All nominal P < 0.05,All nominally significant limma-ranked probes with raw P < 0.05,3013,test,46,79,128,0.6,0.0001,0.005,0.05,0.8913043478260869,0.8816964285714286,0.9642857142857143,0.8,0.8571428571428571,0.90625,0.8275862068965517,29,3,2,12
2024,Top 50,Top 50 limma-ranked probes by raw P value,50,train,211,186,128,0.6,0.0001,0.005,0.05,0.8009478672985783,0.807968682968683,0.9214929214929215,0.6265060240963856,0.8253968253968254,0.7905405405405406,0.7123287671232876,117,31,11,52
2024,Top 50,Top 50 limma-ranked probes by raw P value,50,val,45,186,128,0.6,0.0001,0.005,0.05,0.7555555555555555,0.8052884615384616,0.8605769230769231,0.5454545454545454,0.9230769230769231,0.6875,0.6857142857142857,22,10,1,12
2024,Top 50,Top 50 limma-ranked probes by raw P value,50,test,46,186,128,0.6,0.0001,0.005,0.05,0.717391304347826,0.6763392857142857,0.7924107142857144,0.5333333333333333,0.5714285714285714,0.78125,0.5517241379310345,25,7,6,8
2024,Top 100,Top 100 limma-ranked probes by raw P value,100,train,211,117,128,0.6,0.0001,0.005,0.05,0.8672985781990521,0.878056628056628,0.9420849420849421,0.7215189873417721,0.9047619047619048,0.8513513513513513,0.8028169014084507,126,22,6,57
2024,Top 100,Top 100 limma-ranked probes by raw P value,100,val,45,117,128,0.6,0.0001,0.005,0.05,0.7777777777777778,0.84375,0.8774038461538461,0.5652173913043478,1.0,0.6875,0.7222222222222222,22,10,0,13
2024,Top 100,Top 100 limma-ranked probes by raw P value,100,test,46,117,128,0.6,0.0001,0.005,0.05,0.7391304347826086,0.7120535714285714,0.8325892857142857,0.5625,0.6428571428571429,0.78125,0.6,25,7,5,9
2024,Top 250,Top 250 limma-ranked probes by raw P value,250,train,211,69,128,0.6,0.0001,0.005,0.05,0.8815165876777251,0.9064242814242814,0.9771557271557272,0.7261904761904762,0.9682539682539683,0.8445945945945946,0.8299319727891157,125,23,2,61
2024,Top 250,Top 250 limma-ranked probes by raw P value,250,val,45,69,128,0.6,0.0001,0.005,0.05,0.8222222222222222,0.875,0.9375,0.6190476190476191,1.0,0.75,0.7647058823529411,24,8,0,13
2024,Top 250,Top 250 limma-ranked probes by raw P value,250,test,46,69,128,0.6,0.0001,0.005,0.05,0.6956521739130435,0.7008928571428572,0.8169642857142857,0.5,0.7142857142857143,0.6875,0.5882352941176471,22,10,4,10
2024,Top 500,Top 500 limma-ranked probes by raw P value,500,train,211,156,128,0.6,0.0001,0.005,0.05,0.995260663507109,0.9966216216216216,1.0,0.984375,1.0,0.9932432432432432,0.9921259842519685,147,1,0,63
2024,Top 500,Top 500 limma-ranked probes by raw P value,500,val,45,156,128,0.6,0.0001,0.005,0.05,0.7777777777777778,0.7980769230769231,0.90625,0.5789473684210527,0.8461538461538461,0.75,0.6875,24,8,2,11
2024,Top 500,Top 500 limma-ranked probes by raw P value,500,test,46,156,128,0.6,0.0001,0.005,0.05,0.7608695652173914,0.7477678571428572,0.859375,0.5882352941176471,0.7142857142857143,0.78125,0.6451612903225806,25,7,4,10
2024,Top 1000,Top 1000 limma-ranked probes by raw P value,1000,train,211,92,128,0.6,0.0001,0.005,0.05,1.0,1.0,1.0,1.0,1.0,1.0,1.0,148,0,0,63
2024,Top 1000,Top 1000 limma-ranked probes by raw P value,1000,val,45,92,128,0.6,0.0001,0.005,0.05,0.8444444444444444,0.8449519230769231,0.9423076923076923,0.6875,0.8461538461538461,0.84375,0.7586206896551724,27,5,2,11
2024,Top 1000,Top 1000 limma-ranked probes by raw P value,1000,test,46,92,128,0.6,0.0001,0.005,0.05,0.8478260869565217,0.8102678571428572,0.8816964285714285,0.7692307692307693,0.7142857142857143,0.90625,0.7407407407407407,29,3,4,10
2024,Top 2000,Top 2000 limma-ranked probes by raw P value,2000,train,211,85,128,0.6,0.0001,0.005,0.05,1.0,1.0,1.0,1.0,1.0,1.0,1.0,148,0,0,63
2024,Top 2000,Top 2000 limma-ranked probes by raw P value,2000,val,45,85,128,0.6,0.0001,0.005,0.05,0.8666666666666667,0.8834134615384616,0.9350961538461539,0.7058823529411765,0.9230769230769231,0.84375,0.8,27,5,1,12
2024,Top 2000,Top 2000 limma-ranked probes by raw P value,2000,test,46,85,128,0.6,0.0001,0.005,0.05,0.8695652173913043,0.8258928571428572,0.9107142857142857,0.8333333333333334,0.7142857142857143,0.9375,0.7692307692307693,30,2,4,10
2024,All nominal P < 0.05,All nominally significant limma-ranked probes with raw P < 0.05,3013,train,211,26,128,0.6,0.0001,0.005,0.05,1.0,1.0,1.0,1.0,1.0,1.0,1.0,148,0,0,63
2024,All nominal P < 0.05,All nominally significant limma-ranked probes with raw P < 0.05,3013,val,45,26,128,0.6,0.0001,0.005,0.05,0.8888888888888888,0.8990384615384616,0.9519230769230769,0.75,0.9230769230769231,0.875,0.8275862068965517,28,4,1,12
2024,All nominal P < 0.05,All nominally significant limma-ranked probes with raw P < 0.05,3013,test,46,26,128,0.6,0.0001,0.005,0.05,0.8043478260869565,0.7589285714285714,0.8526785714285714,0.6923076923076923,0.6428571428571429,0.875,0.6666666666666666,28,4,5,9
2026,Top 50,Top 50 limma-ranked probes by raw P value,50,train,211,31,128,0.6,0.0001,0.005,0.05,0.7393364928909952,0.7503753753753755,0.84019734019734,0.5444444444444444,0.7777777777777778,0.722972972972973,0.6405228758169934,107,41,14,49
2026,Top 50,Top 50 limma-ranked probes by raw P value,50,val,45,31,128,0.6,0.0001,0.005,0.05,0.7333333333333333,0.7439903846153846,0.8100961538461539,0.5263157894736842,0.7692307692307693,0.71875,0.625,23,9,3,10
2026,Top 50,Top 50 limma-ranked probes by raw P value,50,test,46,31,128,0.6,0.0001,0.005,0.05,0.7608695652173914,0.7879464285714286,0.9107142857142857,0.5714285714285714,0.8571428571428571,0.71875,0.6857142857142857,23,9,2,12
2026,Top 100,Top 100 limma-ranked probes by raw P value,100,train,211,249,128,0.6,0.0001,0.005,0.05,0.8909952606635071,0.9131810381810381,0.9735092235092235,0.7439024390243902,0.9682539682539683,0.8581081081081081,0.8413793103448276,127,21,2,61
2026,Top 100,Top 100 limma-ranked probes by raw P value,100,val,45,249,128,0.6,0.0001,0.005,0.05,0.8444444444444444,0.8221153846153846,0.829326923076923,0.7142857142857143,0.7692307692307693,0.875,0.7407407407407407,28,4,3,10
2026,Top 100,Top 100 limma-ranked probes by raw P value,100,test,46,249,128,0.6,0.0001,0.005,0.05,0.782608695652174,0.8236607142857143,0.9330357142857142,0.5909090909090909,0.9285714285714286,0.71875,0.7222222222222222,23,9,1,13
2026,Top 250,Top 250 limma-ranked probes by raw P value,250,train,211,140,128,0.6,0.0001,0.005,0.05,0.933649289099526,0.9481445731445731,0.9961389961389961,0.8266666666666667,0.9841269841269841,0.9121621621621622,0.8985507246376812,135,13,1,62
2026,Top 250,Top 250 limma-ranked probes by raw P value,250,val,45,140,128,0.6,0.0001,0.005,0.05,0.8,0.8137019230769231,0.8437500000000001,0.6111111111111112,0.8461538461538461,0.78125,0.7096774193548387,25,7,2,11
2026,Top 250,Top 250 limma-ranked probes by raw P value,250,test,46,140,128,0.6,0.0001,0.005,0.05,0.8478260869565217,0.8705357142857143,0.9330357142857143,0.6842105263157895,0.9285714285714286,0.8125,0.7878787878787878,26,6,1,13
2026,Top 500,Top 500 limma-ranked probes by raw P value,500,train,211,125,128,0.6,0.0001,0.005,0.05,0.995260663507109,0.9966216216216216,1.0,0.984375,1.0,0.9932432432432432,0.9921259842519685,147,1,0,63
2026,Top 500,Top 500 limma-ranked probes by raw P value,500,val,45,125,128,0.6,0.0001,0.005,0.05,0.8222222222222222,0.8293269230769231,0.9278846153846154,0.6470588235294118,0.8461538461538461,0.8125,0.7333333333333333,26,6,2,11
2026,Top 500,Top 500 limma-ranked probes by raw P value,500,test,46,125,128,0.6,0.0001,0.005,0.05,0.8695652173913043,0.8861607142857143,0.953125,0.7222222222222222,0.9285714285714286,0.84375,0.8125,27,5,1,13
2026,Top 1000,Top 1000 limma-ranked probes by raw P value,1000,train,211,167,128,0.6,0.0001,0.005,0.05,1.0,1.0,1.0,1.0,1.0,1.0,1.0,148,0,0,63
2026,Top 1000,Top 1000 limma-ranked probes by raw P value,1000,val,45,167,128,0.6,0.0001,0.005,0.05,0.9555555555555556,0.9459134615384616,0.9855769230769231,0.9230769230769231,0.9230769230769231,0.96875,0.9230769230769231,31,1,1,12
2026,Top 1000,Top 1000 limma-ranked probes by raw P value,1000,test,46,167,128,0.6,0.0001,0.005,0.05,0.8695652173913043,0.8459821428571428,0.9441964285714286,0.7857142857142857,0.7857142857142857,0.90625,0.7857142857142857,29,3,3,11
2026,Top 2000,Top 2000 limma-ranked probes by raw P value,2000,train,211,80,128,0.6,0.0001,0.005,0.05,1.0,1.0,1.0,1.0,1.0,1.0,1.0,148,0,0,63
2026,Top 2000,Top 2000 limma-ranked probes by raw P value,2000,val,45,80,128,0.6,0.0001,0.005,0.05,0.9555555555555556,0.9230769230769231,0.9759615384615384,1.0,0.8461538461538461,1.0,0.9166666666666666,32,0,2,11
2026,Top 2000,Top 2000 limma-ranked probes by raw P value,2000,test,46,80,128,0.6,0.0001,0.005,0.05,0.8695652173913043,0.8459821428571428,0.9754464285714286,0.7857142857142857,0.7857142857142857,0.90625,0.7857142857142857,29,3,3,11
2026,All nominal P < 0.05,All nominally significant limma-ranked probes with raw P < 0.05,3013,train,211,96,128,0.6,0.0001,0.005,0.05,1.0,1.0,1.0,1.0,1.0,1.0,1.0,148,0,0,63
2026,All nominal P < 0.05,All nominally significant limma-ranked probes with raw P < 0.05,3013,val,45,96,128,0.6,0.0001,0.005,0.05,0.9555555555555556,0.9230769230769231,0.96875,1.0,0.8461538461538461,1.0,0.9166666666666666,32,0,2,11
2026,All nominal P < 0.05,All nominally significant limma-ranked probes with raw P < 0.05,3013,test,46,96,128,0.6,0.0001,0.005,0.05,0.8695652173913043,0.8459821428571428,0.96875,0.7857142857142857,0.7857142857142857,0.90625,0.7857142857142857,29,3,3,11
777,Top 50,Top 50 limma-ranked probes by raw P value,50,train,211,25,128,0.6,0.0001,0.005,0.05,0.7109004739336493,0.7255469755469754,0.8058773058773059,0.5106382978723404,0.7619047619047619,0.6891891891891891,0.6114649681528662,102,46,15,48
777,Top 50,Top 50 limma-ranked probes by raw P value,50,val,45,25,128,0.6,0.0001,0.005,0.05,0.5777777777777777,0.5661057692307692,0.6706730769230769,0.35,0.5384615384615384,0.59375,0.42424242424242425,19,13,6,7
777,Top 50,Top 50 limma-ranked probes by raw P value,50,test,46,25,128,0.6,0.0001,0.005,0.05,0.8260869565217391,0.8348214285714286,0.8839285714285715,0.6666666666666666,0.8571428571428571,0.8125,0.75,26,6,2,12
777,Top 100,Top 100 limma-ranked probes by raw P value,100,train,211,9,128,0.6,0.0001,0.005,0.05,0.7061611374407583,0.7176104676104675,0.7910767910767911,0.5053763440860215,0.746031746031746,0.6891891891891891,0.6025641025641025,102,46,16,47
777,Top 100,Top 100 limma-ranked probes by raw P value,100,val,45,9,128,0.6,0.0001,0.005,0.05,0.7555555555555555,0.7596153846153846,0.8221153846153846,0.5555555555555556,0.7692307692307693,0.75,0.6451612903225806,24,8,3,10
777,Top 100,Top 100 limma-ranked probes by raw P value,100,test,46,9,128,0.6,0.0001,0.005,0.05,0.717391304347826,0.7366071428571428,0.8638392857142857,0.5238095238095238,0.7857142857142857,0.6875,0.6285714285714286,22,10,3,11
777,Top 250,Top 250 limma-ranked probes by raw P value,250,train,211,75,128,0.6,0.0001,0.005,0.05,0.8909952606635071,0.9131810381810381,0.9754397254397253,0.7439024390243902,0.9682539682539683,0.8581081081081081,0.8413793103448276,127,21,2,61
777,Top 250,Top 250 limma-ranked probes by raw P value,250,val,45,75,128,0.6,0.0001,0.005,0.05,0.7333333333333333,0.6754807692307692,0.8509615384615384,0.5384615384615384,0.5384615384615384,0.8125,0.5384615384615384,26,6,6,7
777,Top 250,Top 250 limma-ranked probes by raw P value,250,test,46,75,128,0.6,0.0001,0.005,0.05,0.9130434782608695,0.9174107142857143,0.9508928571428572,0.8125,0.9285714285714286,0.90625,0.8666666666666667,29,3,1,13
777,Top 500,Top 500 limma-ranked probes by raw P value,500,train,211,148,128,0.6,0.0001,0.005,0.05,1.0,1.0,1.0,1.0,1.0,1.0,1.0,148,0,0,63
777,Top 500,Top 500 limma-ranked probes by raw P value,500,val,45,148,128,0.6,0.0001,0.005,0.05,0.8888888888888888,0.8533653846153846,0.9278846153846154,0.8333333333333334,0.7692307692307693,0.9375,0.8,30,2,3,10
777,Top 500,Top 500 limma-ranked probes by raw P value,500,test,46,148,128,0.6,0.0001,0.005,0.05,0.9130434782608695,0.9174107142857143,0.9732142857142857,0.8125,0.9285714285714286,0.90625,0.8666666666666667,29,3,1,13
777,Top 1000,Top 1000 limma-ranked probes by raw P value,1000,train,211,66,128,0.6,0.0001,0.005,0.05,1.0,1.0,1.0,1.0,1.0,1.0,1.0,148,0,0,63
777,Top 1000,Top 1000 limma-ranked probes by raw P value,1000,val,45,66,128,0.6,0.0001,0.005,0.05,0.8888888888888888,0.8533653846153846,0.9615384615384616,0.8333333333333334,0.7692307692307693,0.9375,0.8,30,2,3,10
777,Top 1000,Top 1000 limma-ranked probes by raw P value,1000,test,46,66,128,0.6,0.0001,0.005,0.05,0.9347826086956522,0.9330357142857143,0.9821428571428572,0.8666666666666667,0.9285714285714286,0.9375,0.896551724137931,30,2,1,13
777,Top 2000,Top 2000 limma-ranked probes by raw P value,2000,train,211,70,128,0.6,0.0001,0.005,0.05,1.0,1.0,1.0,1.0,1.0,1.0,1.0,148,0,0,63
777,Top 2000,Top 2000 limma-ranked probes by raw P value,2000,val,45,70,128,0.6,0.0001,0.005,0.05,0.9333333333333333,0.8846153846153846,0.9903846153846154,1.0,0.7692307692307693,1.0,0.8695652173913043,32,0,3,10
777,Top 2000,Top 2000 limma-ranked probes by raw P value,2000,test,46,70,128,0.6,0.0001,0.005,0.05,0.9347826086956522,0.9129464285714286,0.9732142857142857,0.9230769230769231,0.8571428571428571,0.96875,0.8888888888888888,31,1,2,12
777,All nominal P < 0.05,All nominally significant limma-ranked probes with raw P < 0.05,3013,train,211,45,128,0.6,0.0001,0.005,0.05,1.0,1.0,1.0,1.0,1.0,1.0,1.0,148,0,0,63
777,All nominal P < 0.05,All nominally significant limma-ranked probes with raw P < 0.05,3013,val,45,45,128,0.6,0.0001,0.005,0.05,0.9111111111111111,0.8689903846153846,0.9759615384615384,0.9090909090909091,0.7692307692307693,0.96875,0.8333333333333334,31,1,3,10
777,All nominal P < 0.05,All nominally significant limma-ranked probes with raw P < 0.05,3013,test,46,45,128,0.6,0.0001,0.005,0.05,0.9347826086956522,0.9330357142857143,0.9821428571428572,0.8666666666666667,0.9285714285714286,0.9375,0.896551724137931,30,2,1,13
1001,Top 50,Top 50 limma-ranked probes by raw P value,50,train,211,259,128,0.6,0.0001,0.005,0.05,0.8436018957345972,0.8566066066066066,0.9316816816816816,0.6829268292682927,0.8888888888888888,0.8243243243243243,0.7724137931034483,122,26,7,56
1001,Top 50,Top 50 limma-ranked probes by raw P value,50,val,45,259,128,0.6,0.0001,0.005,0.05,0.7555555555555555,0.7596153846153846,0.8509615384615385,0.5555555555555556,0.7692307692307693,0.75,0.6451612903225806,24,8,3,10
1001,Top 50,Top 50 limma-ranked probes by raw P value,50,test,46,259,128,0.6,0.0001,0.005,0.05,0.7391304347826086,0.7321428571428572,0.7678571428571428,0.5555555555555556,0.7142857142857143,0.75,0.625,24,8,4,10
1001,Top 100,Top 100 limma-ranked probes by raw P value,100,train,211,170,128,0.6,0.0001,0.005,0.05,0.8909952606635071,0.9177391677391677,0.9680394680394679,0.7380952380952381,0.9841269841269841,0.8513513513513513,0.8435374149659864,126,22,1,62
1001,Top 100,Top 100 limma-ranked probes by raw P value,100,val,45,170,128,0.6,0.0001,0.005,0.05,0.6888888888888889,0.6442307692307692,0.8004807692307693,0.4666666666666667,0.5384615384615384,0.75,0.5,24,8,6,7
1001,Top 100,Top 100 limma-ranked probes by raw P value,100,test,46,170,128,0.6,0.0001,0.005,0.05,0.782608695652174,0.7433035714285714,0.8303571428571428,0.6428571428571429,0.6428571428571429,0.84375,0.6428571428571429,27,5,5,9
1001,Top 250,Top 250 limma-ranked probes by raw P value,250,train,211,168,128,0.6,0.0001,0.005,0.05,0.9478672985781991,0.9582797082797083,0.9981767481767482,0.8611111111111112,0.9841269841269841,0.9324324324324325,0.9185185185185185,138,10,1,62
1001,Top 250,Top 250 limma-ranked probes by raw P value,250,val,45,168,128,0.6,0.0001,0.005,0.05,0.7777777777777778,0.7524038461538461,0.8798076923076923,0.6,0.6923076923076923,0.8125,0.6428571428571429,26,6,4,9
1001,Top 250,Top 250 limma-ranked probes by raw P value,250,test,46,168,128,0.6,0.0001,0.005,0.05,0.8695652173913043,0.8459821428571428,0.9129464285714286,0.7857142857142857,0.7857142857142857,0.90625,0.7857142857142857,29,3,3,11
1001,Top 500,Top 500 limma-ranked probes by raw P value,500,train,211,89,128,0.6,0.0001,0.005,0.05,0.981042654028436,0.9864864864864865,0.9998927498927499,0.9402985074626866,1.0,0.972972972972973,0.9692307692307692,144,4,0,63
1001,Top 500,Top 500 limma-ranked probes by raw P value,500,val,45,89,128,0.6,0.0001,0.005,0.05,0.8444444444444444,0.7992788461538461,0.8774038461538463,0.75,0.6923076923076923,0.90625,0.72,29,3,4,9
1001,Top 500,Top 500 limma-ranked probes by raw P value,500,test,46,89,128,0.6,0.0001,0.005,0.05,0.8043478260869565,0.7790178571428572,0.90625,0.6666666666666666,0.7142857142857143,0.84375,0.6896551724137931,27,5,4,10
1001,Top 1000,Top 1000 limma-ranked probes by raw P value,1000,train,211,88,128,0.6,0.0001,0.005,0.05,1.0,1.0,1.0,1.0,1.0,1.0,1.0,148,0,0,63
1001,Top 1000,Top 1000 limma-ranked probes by raw P value,1000,val,45,88,128,0.6,0.0001,0.005,0.05,0.8666666666666667,0.8377403846153846,0.9278846153846154,0.7692307692307693,0.7692307692307693,0.90625,0.7692307692307693,29,3,3,10
1001,Top 1000,Top 1000 limma-ranked probes by raw P value,1000,test,46,88,128,0.6,0.0001,0.005,0.05,0.8260869565217391,0.7745535714285714,0.9486607142857143,0.75,0.6428571428571429,0.90625,0.6923076923076923,29,3,5,9
1001,Top 2000,Top 2000 limma-ranked probes by raw P value,2000,train,211,83,128,0.6,0.0001,0.005,0.05,1.0,1.0,1.0,1.0,1.0,1.0,1.0,148,0,0,63
1001,Top 2000,Top 2000 limma-ranked probes by raw P value,2000,val,45,83,128,0.6,0.0001,0.005,0.05,0.9333333333333333,0.9074519230769231,0.9807692307692307,0.9166666666666666,0.8461538461538461,0.96875,0.88,31,1,2,11
1001,Top 2000,Top 2000 limma-ranked probes by raw P value,2000,test,46,83,128,0.6,0.0001,0.005,0.05,0.8260869565217391,0.7544642857142857,0.9017857142857143,0.8,0.5714285714285714,0.9375,0.6666666666666666,30,2,6,8
1001,All nominal P < 0.05,All nominally significant limma-ranked probes with raw P < 0.05,3013,train,211,25,128,0.6,0.0001,0.005,0.05,1.0,1.0,1.0,1.0,1.0,1.0,1.0,148,0,0,63
1001,All nominal P < 0.05,All nominally significant limma-ranked probes with raw P < 0.05,3013,val,45,25,128,0.6,0.0001,0.005,0.05,0.8888888888888888,0.8762019230769231,0.9735576923076923,0.7857142857142857,0.8461538461538461,0.90625,0.8148148148148148,29,3,2,11
1001,All nominal P < 0.05,All nominally significant limma-ranked probes with raw P < 0.05,3013,test,46,25,128,0.6,0.0001,0.005,0.05,0.7608695652173914,0.7276785714285714,0.8861607142857143,0.6,0.6428571428571429,0.8125,0.6206896551724138,26,6,5,9
